<Root Name="Map" Visible="true" ObType="1">
    <Transform>
        <Position X="0" Y="0" Z="0"/>
        <Scale X="0.039999999" Y="0.039999999" Z="0.039999999"/>
        <Rotation X="-1.5707964" Y="0" Z="-1.5707964"/>
    </Transform>
    <Children Size="139"/>
    <Child0 Name="Box01" Visible="true" ObType="0">
        <Mesh File="Map/3.Box01.mesh"/>
        <Shader File="3.cube.hlsl"/>
        <Material File="Map/14_-_Default.mtl"/>
        <Transform>
            <Position X="0" Y="0" Z="0"/>
            <Scale X="1" Y="1" Z="1"/>
            <Rotation X="0" Y="0" Z="0"/>
        </Transform>
        <Children Size="0"/>
    </Child0>
    <Child1 Name="Box02" Visible="true" ObType="0">
        <Mesh File="Map/3.Box02.mesh"/>
        <Shader File="3.cube.hlsl"/>
        <Material File="Map/14_-_Default.mtl"/>
        <Transform>
            <Position X="0" Y="0" Z="0"/>
            <Scale X="1" Y="1" Z="1"/>
            <Rotation X="0" Y="0" Z="0"/>
        </Transform>
        <Children Size="0"/>
    </Child1>
    <Child2 Name="Box03" Visible="true" ObType="0">
        <Mesh File="Map/3.Box03.mesh"/>
        <Shader File="3.cube.hlsl"/>
        <Material File="Map/02_-_Default.mtl"/>
        <Transform>
            <Position X="0" Y="0" Z="0"/>
            <Scale X="1" Y="1" Z="1"/>
            <Rotation X="0" Y="0" Z="0"/>
        </Transform>
        <Children Size="0"/>
    </Child2>
    <Child3 Name="Box04" Visible="true" ObType="0">
        <Mesh File="Map/3.Box04.mesh"/>
        <Shader File="3.cube.hlsl"/>
        <Material File="Map/02_-_Default.mtl"/>
        <Collider ColliderType="1" Visible="true">
            <Position X="-353.74985" Y="202.50014" Z="188.75003"/>
            <Scale X="100" Y="100" Z="100"/>
            <Rotation X="0" Y="0" Z="0"/>
        </Collider>
        <Transform>
            <Position X="2.5" Y="0" Z="0"/>
            <Scale X="1" Y="1" Z="1"/>
            <Rotation X="0" Y="0" Z="0"/>
        </Transform>
        <Children Size="0"/>
    </Child3>
    <Child4 Name="Box05" Visible="true" ObType="0">
        <Mesh File="Map/3.Box05.mesh"/>
        <Shader File="3.cube.hlsl"/>
        <Material File="Map/Material__2.mtl"/>
        <Collider ColliderType="1" Visible="true">
            <Position X="-605.00079" Y="4905.0015" Z="621.24908"/>
            <Scale X="100" Y="100" Z="100"/>
            <Rotation X="0" Y="0" Z="0"/>
        </Collider>
        <Transform>
            <Position X="7.4669238e-08" Y="-1.2500004" Z="2.9824744e-07"/>
            <Scale X="1" Y="1" Z="1"/>
            <Rotation X="0" Y="0" Z="0"/>
        </Transform>
        <Children Size="0"/>
    </Child4>
    <Child5 Name="Box06" Visible="true" ObType="0">
        <Mesh File="Map/3.Box06.mesh"/>
        <Shader File="3.cube.hlsl"/>
        <Material File="Map/Material__2.mtl"/>
        <Transform>
            <Position X="0" Y="0" Z="0"/>
            <Scale X="1" Y="1" Z="1"/>
            <Rotation X="0" Y="0" Z="0"/>
        </Transform>
        <Children Size="0"/>
    </Child5>
    <Child6 Name="Box07" Visible="true" ObType="0">
        <Mesh File="Map/3.Box07.mesh"/>
        <Shader File="3.cube.hlsl"/>
        <Material File="Map/Material__2.mtl"/>
        <Transform>
            <Position X="0" Y="0" Z="0"/>
            <Scale X="1" Y="1" Z="1"/>
            <Rotation X="0" Y="0" Z="0"/>
        </Transform>
        <Children Size="0"/>
    </Child6>
    <Child7 Name="Box08" Visible="true" ObType="0">
        <Mesh File="Map/3.Box08.mesh"/>
        <Shader File="3.cube.hlsl"/>
        <Material File="Map/02_-_Default.mtl"/>
        <Transform>
            <Position X="0" Y="0" Z="0"/>
            <Scale X="1" Y="1" Z="1"/>
            <Rotation X="0" Y="0" Z="0"/>
        </Transform>
        <Children Size="0"/>
    </Child7>
    <Child8 Name="Box09" Visible="true" ObType="0">
        <Mesh File="Map/3.Box09.mesh"/>
        <Shader File="3.cube.hlsl"/>
        <Material File="Map/02_-_Default.mtl"/>
        <Transform>
            <Position X="0" Y="0" Z="0"/>
            <Scale X="1" Y="1" Z="1"/>
            <Rotation X="0" Y="0" Z="0"/>
        </Transform>
        <Children Size="0"/>
    </Child8>
    <Child9 Name="Box10" Visible="true" ObType="0">
        <Mesh File="Map/3.Box10.mesh"/>
        <Shader File="3.cube.hlsl"/>
        <Material File="Map/02_-_Default.mtl"/>
        <Transform>
            <Position X="0" Y="0" Z="0"/>
            <Scale X="1" Y="1" Z="1"/>
            <Rotation X="0" Y="0" Z="0"/>
        </Transform>
        <Children Size="0"/>
    </Child9>
    <Child10 Name="Box100" Visible="true" ObType="0">
        <Mesh File="Map/3.Box100.mesh"/>
        <Shader File="3.cube.hlsl"/>
        <Material File="Map/02_-_Default.mtl"/>
        <Transform>
            <Position X="0" Y="0" Z="0"/>
            <Scale X="1" Y="1" Z="1"/>
            <Rotation X="0" Y="0" Z="0"/>
        </Transform>
        <Children Size="0"/>
    </Child10>
    <Child11 Name="Box101" Visible="true" ObType="0">
        <Mesh File="Map/3.Box101.mesh"/>
        <Shader File="3.cube.hlsl"/>
        <Material File="Map/02_-_Default.mtl"/>
        <Transform>
            <Position X="0" Y="0" Z="0"/>
            <Scale X="1" Y="1" Z="1"/>
            <Rotation X="0" Y="0" Z="0"/>
        </Transform>
        <Children Size="0"/>
    </Child11>
    <Child12 Name="Box102" Visible="true" ObType="0">
        <Mesh File="Map/3.Box102.mesh"/>
        <Shader File="3.cube.hlsl"/>
        <Material File="Map/02_-_Default.mtl"/>
        <Transform>
            <Position X="0" Y="0" Z="0"/>
            <Scale X="1" Y="1" Z="1"/>
            <Rotation X="0" Y="0" Z="0"/>
        </Transform>
        <Children Size="0"/>
    </Child12>
    <Child13 Name="Box103" Visible="true" ObType="0">
        <Mesh File="Map/3.Box103.mesh"/>
        <Shader File="3.cube.hlsl"/>
        <Material File="Map/02_-_Default.mtl"/>
        <Transform>
            <Position X="0" Y="0" Z="0"/>
            <Scale X="1" Y="1" Z="1"/>
            <Rotation X="0" Y="0" Z="0"/>
        </Transform>
        <Children Size="0"/>
    </Child13>
    <Child14 Name="Box11" Visible="true" ObType="0">
        <Mesh File="Map/3.Box11.mesh"/>
        <Shader File="3.cube.hlsl"/>
        <Material File="Map/02_-_Default.mtl"/>
        <Transform>
            <Position X="0" Y="0" Z="0"/>
            <Scale X="1" Y="1" Z="1"/>
            <Rotation X="0" Y="0" Z="0"/>
        </Transform>
        <Children Size="0"/>
    </Child14>
    <Child15 Name="Box12" Visible="true" ObType="0">
        <Mesh File="Map/3.Box12.mesh"/>
        <Shader File="3.cube.hlsl"/>
        <Material File="Map/02_-_Default.mtl"/>
        <Transform>
            <Position X="0" Y="0" Z="0"/>
            <Scale X="1" Y="1" Z="1"/>
            <Rotation X="0" Y="0" Z="0"/>
        </Transform>
        <Children Size="0"/>
    </Child15>
    <Child16 Name="Box15" Visible="true" ObType="0">
        <Mesh File="Map/3.Box15.mesh"/>
        <Shader File="3.cube.hlsl"/>
        <Material File="Map/02_-_Default.mtl"/>
        <Transform>
            <Position X="0" Y="0" Z="0"/>
            <Scale X="1" Y="1" Z="1"/>
            <Rotation X="0" Y="0" Z="0"/>
        </Transform>
        <Children Size="0"/>
    </Child16>
    <Child17 Name="Box16" Visible="true" ObType="0">
        <Mesh File="Map/3.Box16.mesh"/>
        <Shader File="3.cube.hlsl"/>
        <Material File="Map/02_-_Default.mtl"/>
        <Transform>
            <Position X="0" Y="0" Z="0"/>
            <Scale X="1" Y="1" Z="1"/>
            <Rotation X="0" Y="0" Z="0"/>
        </Transform>
        <Children Size="0"/>
    </Child17>
    <Child18 Name="Box17" Visible="true" ObType="0">
        <Mesh File="Map/3.Box17.mesh"/>
        <Shader File="3.cube.hlsl"/>
        <Material File="Map/02_-_Default.mtl"/>
        <Transform>
            <Position X="0" Y="0" Z="0"/>
            <Scale X="1" Y="1" Z="1"/>
            <Rotation X="0" Y="0" Z="0"/>
        </Transform>
        <Children Size="0"/>
    </Child18>
    <Child19 Name="Box18" Visible="true" ObType="0">
        <Mesh File="Map/3.Box18.mesh"/>
        <Shader File="3.cube.hlsl"/>
        <Material File="Map/02_-_Default.mtl"/>
        <Transform>
            <Position X="0" Y="0" Z="0"/>
            <Scale X="1" Y="1" Z="1"/>
            <Rotation X="0" Y="0" Z="0"/>
        </Transform>
        <Children Size="0"/>
    </Child19>
    <Child20 Name="Box19" Visible="true" ObType="0">
        <Mesh File="Map/3.Box19.mesh"/>
        <Shader File="3.cube.hlsl"/>
        <Material File="Map/02_-_Default.mtl"/>
        <Transform>
            <Position X="0" Y="0" Z="0"/>
            <Scale X="1" Y="1" Z="1"/>
            <Rotation X="0" Y="0" Z="0"/>
        </Transform>
        <Children Size="0"/>
    </Child20>
    <Child21 Name="Box20" Visible="true" ObType="0">
        <Mesh File="Map/3.Box20.mesh"/>
        <Shader File="3.cube.hlsl"/>
        <Material File="Map/02_-_Default.mtl"/>
        <Transform>
            <Position X="0" Y="0" Z="0"/>
            <Scale X="1" Y="1" Z="1"/>
            <Rotation X="0" Y="0" Z="0"/>
        </Transform>
        <Children Size="0"/>
    </Child21>
    <Child22 Name="Box21" Visible="true" ObType="0">
        <Mesh File="Map/3.Box21.mesh"/>
        <Shader File="3.cube.hlsl"/>
        <Material File="Map/02_-_Default.mtl"/>
        <Transform>
            <Position X="0" Y="0" Z="0"/>
            <Scale X="1" Y="1" Z="1"/>
            <Rotation X="0" Y="0" Z="0"/>
        </Transform>
        <Children Size="0"/>
    </Child22>
    <Child23 Name="Box22" Visible="true" ObType="0">
        <Mesh File="Map/3.Box22.mesh"/>
        <Shader File="3.cube.hlsl"/>
        <Material File="Map/02_-_Default.mtl"/>
        <Transform>
            <Position X="0" Y="0" Z="0"/>
            <Scale X="1" Y="1" Z="1"/>
            <Rotation X="0" Y="0" Z="0"/>
        </Transform>
        <Children Size="0"/>
    </Child23>
    <Child24 Name="Box23" Visible="true" ObType="0">
        <Mesh File="Map/3.Box23.mesh"/>
        <Shader File="3.cube.hlsl"/>
        <Material File="Map/02_-_Default.mtl"/>
        <Transform>
            <Position X="0" Y="0" Z="0"/>
            <Scale X="1" Y="1" Z="1"/>
            <Rotation X="0" Y="0" Z="0"/>
        </Transform>
        <Children Size="0"/>
    </Child24>
    <Child25 Name="Box24" Visible="true" ObType="0">
        <Mesh File="Map/3.Box24.mesh"/>
        <Shader File="3.cube.hlsl"/>
        <Material File="Map/02_-_Default.mtl"/>
        <Transform>
            <Position X="0" Y="0" Z="0"/>
            <Scale X="1" Y="1" Z="1"/>
            <Rotation X="0" Y="0" Z="0"/>
        </Transform>
        <Children Size="0"/>
    </Child25>
    <Child26 Name="Box25" Visible="true" ObType="0">
        <Mesh File="Map/3.Box25.mesh"/>
        <Shader File="3.cube.hlsl"/>
        <Material File="Map/02_-_Default.mtl"/>
        <Transform>
            <Position X="0" Y="0" Z="0"/>
            <Scale X="1" Y="1" Z="1"/>
            <Rotation X="0" Y="0" Z="0"/>
        </Transform>
        <Children Size="0"/>
    </Child26>
    <Child27 Name="Box26" Visible="true" ObType="0">
        <Mesh File="Map/3.Box26.mesh"/>
        <Shader File="3.cube.hlsl"/>
        <Material File="Map/02_-_Default.mtl"/>
        <Transform>
            <Position X="0" Y="0" Z="0"/>
            <Scale X="1" Y="1" Z="1"/>
            <Rotation X="0" Y="0" Z="0"/>
        </Transform>
        <Children Size="0"/>
    </Child27>
    <Child28 Name="Box27" Visible="true" ObType="0">
        <Mesh File="Map/3.Box27.mesh"/>
        <Shader File="3.cube.hlsl"/>
        <Material File="Map/02_-_Default.mtl"/>
        <Transform>
            <Position X="0" Y="0" Z="0"/>
            <Scale X="1" Y="1" Z="1"/>
            <Rotation X="0" Y="0" Z="0"/>
        </Transform>
        <Children Size="0"/>
    </Child28>
    <Child29 Name="Box28" Visible="true" ObType="0">
        <Mesh File="Map/3.Box28.mesh"/>
        <Shader File="3.cube.hlsl"/>
        <Material File="Map/02_-_Default.mtl"/>
        <Transform>
            <Position X="0" Y="0" Z="0"/>
            <Scale X="1" Y="1" Z="1"/>
            <Rotation X="0" Y="0" Z="0"/>
        </Transform>
        <Children Size="0"/>
    </Child29>
    <Child30 Name="Box29" Visible="true" ObType="0">
        <Mesh File="Map/3.Box29.mesh"/>
        <Shader File="3.cube.hlsl"/>
        <Material File="Map/02_-_Default.mtl"/>
        <Transform>
            <Position X="0" Y="0" Z="0"/>
            <Scale X="1" Y="1" Z="1"/>
            <Rotation X="0" Y="0" Z="0"/>
        </Transform>
        <Children Size="0"/>
    </Child30>
    <Child31 Name="Box30" Visible="true" ObType="0">
        <Mesh File="Map/3.Box30.mesh"/>
        <Shader File="3.cube.hlsl"/>
        <Material File="Map/02_-_Default.mtl"/>
        <Transform>
            <Position X="0" Y="0" Z="0"/>
            <Scale X="1" Y="1" Z="1"/>
            <Rotation X="0" Y="0" Z="0"/>
        </Transform>
        <Children Size="0"/>
    </Child31>
    <Child32 Name="Box31" Visible="true" ObType="0">
        <Mesh File="Map/3.Box31.mesh"/>
        <Shader File="3.cube.hlsl"/>
        <Material File="Map/02_-_Default.mtl"/>
        <Transform>
            <Position X="0" Y="0" Z="0"/>
            <Scale X="1" Y="1" Z="1"/>
            <Rotation X="0" Y="0" Z="0"/>
        </Transform>
        <Children Size="0"/>
    </Child32>
    <Child33 Name="Box32" Visible="true" ObType="0">
        <Mesh File="Map/3.Box32.mesh"/>
        <Shader File="3.cube.hlsl"/>
        <Material File="Map/02_-_Default.mtl"/>
        <Transform>
            <Position X="0" Y="0" Z="0"/>
            <Scale X="1" Y="1" Z="1"/>
            <Rotation X="0" Y="0" Z="0"/>
        </Transform>
        <Children Size="0"/>
    </Child33>
    <Child34 Name="Box33" Visible="true" ObType="0">
        <Mesh File="Map/3.Box33.mesh"/>
        <Shader File="3.cube.hlsl"/>
        <Material File="Map/02_-_Default.mtl"/>
        <Transform>
            <Position X="0" Y="0" Z="0"/>
            <Scale X="1" Y="1" Z="1"/>
            <Rotation X="0" Y="0" Z="0"/>
        </Transform>
        <Children Size="0"/>
    </Child34>
    <Child35 Name="Box35" Visible="true" ObType="0">
        <Mesh File="Map/3.Box35.mesh"/>
        <Shader File="3.cube.hlsl"/>
        <Material File="Map/02_-_Default.mtl"/>
        <Transform>
            <Position X="0" Y="0" Z="0"/>
            <Scale X="1" Y="1" Z="1"/>
            <Rotation X="0" Y="0" Z="0"/>
        </Transform>
        <Children Size="0"/>
    </Child35>
    <Child36 Name="Box36" Visible="true" ObType="0">
        <Mesh File="Map/3.Box36.mesh"/>
        <Shader File="3.cube.hlsl"/>
        <Material File="Map/02_-_Default.mtl"/>
        <Transform>
            <Position X="0" Y="0" Z="0"/>
            <Scale X="1" Y="1" Z="1"/>
            <Rotation X="0" Y="0" Z="0"/>
        </Transform>
        <Children Size="0"/>
    </Child36>
    <Child37 Name="Box37" Visible="true" ObType="0">
        <Mesh File="Map/3.Box37.mesh"/>
        <Shader File="3.cube.hlsl"/>
        <Material File="Map/02_-_Default.mtl"/>
        <Transform>
            <Position X="0" Y="0" Z="0"/>
            <Scale X="1" Y="1" Z="1"/>
            <Rotation X="0" Y="0" Z="0"/>
        </Transform>
        <Children Size="0"/>
    </Child37>
    <Child38 Name="Box38" Visible="true" ObType="0">
        <Mesh File="Map/3.Box38.mesh"/>
        <Shader File="3.cube.hlsl"/>
        <Material File="Map/02_-_Default.mtl"/>
        <Transform>
            <Position X="0" Y="0" Z="0"/>
            <Scale X="1" Y="1" Z="1"/>
            <Rotation X="0" Y="0" Z="0"/>
        </Transform>
        <Children Size="0"/>
    </Child38>
    <Child39 Name="Box39" Visible="true" ObType="0">
        <Mesh File="Map/3.Box39.mesh"/>
        <Shader File="3.cube.hlsl"/>
        <Material File="Map/02_-_Default.mtl"/>
        <Transform>
            <Position X="0" Y="0" Z="0"/>
            <Scale X="1" Y="1" Z="1"/>
            <Rotation X="0" Y="0" Z="0"/>
        </Transform>
        <Children Size="0"/>
    </Child39>
    <Child40 Name="Box42" Visible="true" ObType="0">
        <Mesh File="Map/3.Box42.mesh"/>
        <Shader File="3.cube.hlsl"/>
        <Material File="Map/02_-_Default.mtl"/>
        <Transform>
            <Position X="0" Y="0" Z="0"/>
            <Scale X="1" Y="1" Z="1"/>
            <Rotation X="0" Y="0" Z="0"/>
        </Transform>
        <Children Size="0"/>
    </Child40>
    <Child41 Name="Box43" Visible="true" ObType="0">
        <Mesh File="Map/3.Box43.mesh"/>
        <Shader File="3.cube.hlsl"/>
        <Material File="Map/02_-_Default.mtl"/>
        <Transform>
            <Position X="0" Y="0" Z="0"/>
            <Scale X="1" Y="1" Z="1"/>
            <Rotation X="0" Y="0" Z="0"/>
        </Transform>
        <Children Size="0"/>
    </Child41>
    <Child42 Name="Box44" Visible="true" ObType="0">
        <Mesh File="Map/3.Box44.mesh"/>
        <Shader File="3.cube.hlsl"/>
        <Material File="Map/02_-_Default.mtl"/>
        <Transform>
            <Position X="0" Y="0" Z="0"/>
            <Scale X="1" Y="1" Z="1"/>
            <Rotation X="0" Y="0" Z="0"/>
        </Transform>
        <Children Size="0"/>
    </Child42>
    <Child43 Name="Box45" Visible="true" ObType="0">
        <Mesh File="Map/3.Box45.mesh"/>
        <Shader File="3.cube.hlsl"/>
        <Material File="Map/02_-_Default.mtl"/>
        <Transform>
            <Position X="0" Y="0" Z="0"/>
            <Scale X="1" Y="1" Z="1"/>
            <Rotation X="0" Y="0" Z="0"/>
        </Transform>
        <Children Size="0"/>
    </Child43>
    <Child44 Name="Box46" Visible="true" ObType="0">
        <Mesh File="Map/3.Box46.mesh"/>
        <Shader File="3.cube.hlsl"/>
        <Material File="Map/02_-_Default.mtl"/>
        <Transform>
            <Position X="0" Y="0" Z="0"/>
            <Scale X="1" Y="1" Z="1"/>
            <Rotation X="0" Y="0" Z="0"/>
        </Transform>
        <Children Size="0"/>
    </Child44>
    <Child45 Name="Box47" Visible="true" ObType="0">
        <Mesh File="Map/3.Box47.mesh"/>
        <Shader File="3.cube.hlsl"/>
        <Material File="Map/02_-_Default.mtl"/>
        <Transform>
            <Position X="0" Y="0" Z="0"/>
            <Scale X="1" Y="1" Z="1"/>
            <Rotation X="0" Y="0" Z="0"/>
        </Transform>
        <Children Size="0"/>
    </Child45>
    <Child46 Name="Box48" Visible="true" ObType="0">
        <Mesh File="Map/3.Box48.mesh"/>
        <Shader File="3.cube.hlsl"/>
        <Material File="Map/02_-_Default.mtl"/>
        <Transform>
            <Position X="0" Y="0" Z="0"/>
            <Scale X="1" Y="1" Z="1"/>
            <Rotation X="0" Y="0" Z="0"/>
        </Transform>
        <Children Size="0"/>
    </Child46>
    <Child47 Name="Box54" Visible="true" ObType="0">
        <Mesh File="Map/3.Box54.mesh"/>
        <Shader File="3.cube.hlsl"/>
        <Material File="Map/14_-_Default.mtl"/>
        <Transform>
            <Position X="0" Y="0" Z="0"/>
            <Scale X="1" Y="1" Z="1"/>
            <Rotation X="0" Y="0" Z="0"/>
        </Transform>
        <Children Size="0"/>
    </Child47>
    <Child48 Name="Box55" Visible="true" ObType="0">
        <Mesh File="Map/3.Box55.mesh"/>
        <Shader File="3.cube.hlsl"/>
        <Material File="Map/14_-_Default.mtl"/>
        <Transform>
            <Position X="0" Y="0" Z="0"/>
            <Scale X="1" Y="1" Z="1"/>
            <Rotation X="0" Y="0" Z="0"/>
        </Transform>
        <Children Size="0"/>
    </Child48>
    <Child49 Name="Box56" Visible="true" ObType="0">
        <Mesh File="Map/3.Box56.mesh"/>
        <Shader File="3.cube.hlsl"/>
        <Material File="Map/02_-_Default.mtl"/>
        <Transform>
            <Position X="0" Y="0" Z="0"/>
            <Scale X="1" Y="1" Z="1"/>
            <Rotation X="0" Y="0" Z="0"/>
        </Transform>
        <Children Size="0"/>
    </Child49>
    <Child50 Name="Box57" Visible="true" ObType="0">
        <Mesh File="Map/3.Box57.mesh"/>
        <Shader File="3.cube.hlsl"/>
        <Material File="Map/02_-_Default.mtl"/>
        <Transform>
            <Position X="0" Y="0" Z="0"/>
            <Scale X="1" Y="1" Z="1"/>
            <Rotation X="0" Y="0" Z="0"/>
        </Transform>
        <Children Size="0"/>
    </Child50>
    <Child51 Name="Box58" Visible="true" ObType="0">
        <Mesh File="Map/3.Box58.mesh"/>
        <Shader File="3.cube.hlsl"/>
        <Material File="Map/02_-_Default.mtl"/>
        <Transform>
            <Position X="0" Y="0" Z="0"/>
            <Scale X="1" Y="1" Z="1"/>
            <Rotation X="0" Y="0" Z="0"/>
        </Transform>
        <Children Size="0"/>
    </Child51>
    <Child52 Name="Box59" Visible="true" ObType="0">
        <Mesh File="Map/3.Box59.mesh"/>
        <Shader File="3.cube.hlsl"/>
        <Material File="Map/02_-_Default.mtl"/>
        <Transform>
            <Position X="0" Y="0" Z="0"/>
            <Scale X="1" Y="1" Z="1"/>
            <Rotation X="0" Y="0" Z="0"/>
        </Transform>
        <Children Size="0"/>
    </Child52>
    <Child53 Name="Box60" Visible="true" ObType="0">
        <Mesh File="Map/3.Box60.mesh"/>
        <Shader File="3.cube.hlsl"/>
        <Material File="Map/02_-_Default.mtl"/>
        <Transform>
            <Position X="0" Y="0" Z="0"/>
            <Scale X="1" Y="1" Z="1"/>
            <Rotation X="0" Y="0" Z="0"/>
        </Transform>
        <Children Size="0"/>
    </Child53>
    <Child54 Name="Box61" Visible="true" ObType="0">
        <Mesh File="Map/3.Box61.mesh"/>
        <Shader File="3.cube.hlsl"/>
        <Material File="Map/02_-_Default.mtl"/>
        <Transform>
            <Position X="0" Y="0" Z="0"/>
            <Scale X="1" Y="1" Z="1"/>
            <Rotation X="0" Y="0" Z="0"/>
        </Transform>
        <Children Size="0"/>
    </Child54>
    <Child55 Name="Box62" Visible="true" ObType="0">
        <Mesh File="Map/3.Box62.mesh"/>
        <Shader File="3.cube.hlsl"/>
        <Material File="Map/02_-_Default.mtl"/>
        <Transform>
            <Position X="0" Y="0" Z="0"/>
            <Scale X="1" Y="1" Z="1"/>
            <Rotation X="0" Y="0" Z="0"/>
        </Transform>
        <Children Size="0"/>
    </Child55>
    <Child56 Name="Box63" Visible="true" ObType="0">
        <Mesh File="Map/3.Box63.mesh"/>
        <Shader File="3.cube.hlsl"/>
        <Material File="Map/02_-_Default.mtl"/>
        <Transform>
            <Position X="0" Y="0" Z="0"/>
            <Scale X="1" Y="1" Z="1"/>
            <Rotation X="0" Y="0" Z="0"/>
        </Transform>
        <Children Size="0"/>
    </Child56>
    <Child57 Name="Box64" Visible="true" ObType="0">
        <Mesh File="Map/3.Box64.mesh"/>
        <Shader File="3.cube.hlsl"/>
        <Material File="Map/02_-_Default.mtl"/>
        <Transform>
            <Position X="0" Y="0" Z="0"/>
            <Scale X="1" Y="1" Z="1"/>
            <Rotation X="0" Y="0" Z="0"/>
        </Transform>
        <Children Size="0"/>
    </Child57>
    <Child58 Name="Box65" Visible="true" ObType="0">
        <Mesh File="Map/3.Box65.mesh"/>
        <Shader File="3.cube.hlsl"/>
        <Material File="Map/02_-_Default.mtl"/>
        <Transform>
            <Position X="0" Y="0" Z="0"/>
            <Scale X="1" Y="1" Z="1"/>
            <Rotation X="0" Y="0" Z="0"/>
        </Transform>
        <Children Size="0"/>
    </Child58>
    <Child59 Name="Box66" Visible="true" ObType="0">
        <Mesh File="Map/3.Box66.mesh"/>
        <Shader File="3.cube.hlsl"/>
        <Material File="Map/02_-_Default.mtl"/>
        <Transform>
            <Position X="0" Y="0" Z="0"/>
            <Scale X="1" Y="1" Z="1"/>
            <Rotation X="0" Y="0" Z="0"/>
        </Transform>
        <Children Size="0"/>
    </Child59>
    <Child60 Name="Box67" Visible="true" ObType="0">
        <Mesh File="Map/3.Box67.mesh"/>
        <Shader File="3.cube.hlsl"/>
        <Material File="Map/02_-_Default.mtl"/>
        <Transform>
            <Position X="0" Y="0" Z="0"/>
            <Scale X="1" Y="1" Z="1"/>
            <Rotation X="0" Y="0" Z="0"/>
        </Transform>
        <Children Size="0"/>
    </Child60>
    <Child61 Name="Box68" Visible="true" ObType="0">
        <Mesh File="Map/3.Box68.mesh"/>
        <Shader File="3.cube.hlsl"/>
        <Material File="Map/02_-_Default.mtl"/>
        <Transform>
            <Position X="0" Y="0" Z="0"/>
            <Scale X="1" Y="1" Z="1"/>
            <Rotation X="0" Y="0" Z="0"/>
        </Transform>
        <Children Size="0"/>
    </Child61>
    <Child62 Name="Box69" Visible="true" ObType="0">
        <Mesh File="Map/3.Box69.mesh"/>
        <Shader File="3.cube.hlsl"/>
        <Material File="Map/02_-_Default.mtl"/>
        <Transform>
            <Position X="0" Y="0" Z="0"/>
            <Scale X="1" Y="1" Z="1"/>
            <Rotation X="0" Y="0" Z="0"/>
        </Transform>
        <Children Size="0"/>
    </Child62>
    <Child63 Name="Box70" Visible="true" ObType="0">
        <Mesh File="Map/3.Box70.mesh"/>
        <Shader File="3.cube.hlsl"/>
        <Material File="Map/02_-_Default.mtl"/>
        <Transform>
            <Position X="0" Y="0" Z="0"/>
            <Scale X="1" Y="1" Z="1"/>
            <Rotation X="0" Y="0" Z="0"/>
        </Transform>
        <Children Size="0"/>
    </Child63>
    <Child64 Name="Box71" Visible="true" ObType="0">
        <Mesh File="Map/3.Box71.mesh"/>
        <Shader File="3.cube.hlsl"/>
        <Material File="Map/02_-_Default.mtl"/>
        <Transform>
            <Position X="0" Y="0" Z="0"/>
            <Scale X="1" Y="1" Z="1"/>
            <Rotation X="0" Y="0" Z="0"/>
        </Transform>
        <Children Size="0"/>
    </Child64>
    <Child65 Name="Box72" Visible="true" ObType="0">
        <Mesh File="Map/3.Box72.mesh"/>
        <Shader File="3.cube.hlsl"/>
        <Material File="Map/02_-_Default.mtl"/>
        <Transform>
            <Position X="0" Y="0" Z="0"/>
            <Scale X="1" Y="1" Z="1"/>
            <Rotation X="0" Y="0" Z="0"/>
        </Transform>
        <Children Size="0"/>
    </Child65>
    <Child66 Name="Box73" Visible="true" ObType="0">
        <Mesh File="Map/3.Box73.mesh"/>
        <Shader File="3.cube.hlsl"/>
        <Material File="Map/02_-_Default.mtl"/>
        <Transform>
            <Position X="0" Y="0" Z="0"/>
            <Scale X="1" Y="1" Z="1"/>
            <Rotation X="0" Y="0" Z="0"/>
        </Transform>
        <Children Size="0"/>
    </Child66>
    <Child67 Name="Box74" Visible="true" ObType="0">
        <Mesh File="Map/3.Box74.mesh"/>
        <Shader File="3.cube.hlsl"/>
        <Material File="Map/02_-_Default.mtl"/>
        <Transform>
            <Position X="0" Y="0" Z="0"/>
            <Scale X="1" Y="1" Z="1"/>
            <Rotation X="0" Y="0" Z="0"/>
        </Transform>
        <Children Size="0"/>
    </Child67>
    <Child68 Name="Box75" Visible="true" ObType="0">
        <Mesh File="Map/3.Box75.mesh"/>
        <Shader File="3.cube.hlsl"/>
        <Material File="Map/02_-_Default.mtl"/>
        <Transform>
            <Position X="0" Y="0" Z="0"/>
            <Scale X="1" Y="1" Z="1"/>
            <Rotation X="0" Y="0" Z="0"/>
        </Transform>
        <Children Size="0"/>
    </Child68>
    <Child69 Name="Box76" Visible="true" ObType="0">
        <Mesh File="Map/3.Box76.mesh"/>
        <Shader File="3.cube.hlsl"/>
        <Material File="Map/02_-_Default.mtl"/>
        <Transform>
            <Position X="0" Y="0" Z="0"/>
            <Scale X="1" Y="1" Z="1"/>
            <Rotation X="0" Y="0" Z="0"/>
        </Transform>
        <Children Size="0"/>
    </Child69>
    <Child70 Name="Box77" Visible="true" ObType="0">
        <Mesh File="Map/3.Box77.mesh"/>
        <Shader File="3.cube.hlsl"/>
        <Material File="Map/02_-_Default.mtl"/>
        <Transform>
            <Position X="0" Y="0" Z="0"/>
            <Scale X="1" Y="1" Z="1"/>
            <Rotation X="0" Y="0" Z="0"/>
        </Transform>
        <Children Size="0"/>
    </Child70>
    <Child71 Name="Box78" Visible="true" ObType="0">
        <Mesh File="Map/3.Box78.mesh"/>
        <Shader File="3.cube.hlsl"/>
        <Material File="Map/02_-_Default.mtl"/>
        <Transform>
            <Position X="0" Y="0" Z="0"/>
            <Scale X="1" Y="1" Z="1"/>
            <Rotation X="0" Y="0" Z="0"/>
        </Transform>
        <Children Size="0"/>
    </Child71>
    <Child72 Name="Box79" Visible="true" ObType="0">
        <Mesh File="Map/3.Box79.mesh"/>
        <Shader File="3.cube.hlsl"/>
        <Material File="Map/02_-_Default.mtl"/>
        <Transform>
            <Position X="0" Y="0" Z="0"/>
            <Scale X="1" Y="1" Z="1"/>
            <Rotation X="0" Y="0" Z="0"/>
        </Transform>
        <Children Size="0"/>
    </Child72>
    <Child73 Name="Box80" Visible="true" ObType="0">
        <Mesh File="Map/3.Box80.mesh"/>
        <Shader File="3.cube.hlsl"/>
        <Material File="Map/02_-_Default.mtl"/>
        <Transform>
            <Position X="0" Y="0" Z="0"/>
            <Scale X="1" Y="1" Z="1"/>
            <Rotation X="0" Y="0" Z="0"/>
        </Transform>
        <Children Size="0"/>
    </Child73>
    <Child74 Name="Box81" Visible="true" ObType="0">
        <Mesh File="Map/3.Box81.mesh"/>
        <Shader File="3.cube.hlsl"/>
        <Material File="Map/02_-_Default.mtl"/>
        <Transform>
            <Position X="0" Y="0" Z="0"/>
            <Scale X="1" Y="1" Z="1"/>
            <Rotation X="0" Y="0" Z="0"/>
        </Transform>
        <Children Size="0"/>
    </Child74>
    <Child75 Name="Box82" Visible="true" ObType="0">
        <Mesh File="Map/3.Box82.mesh"/>
        <Shader File="3.cube.hlsl"/>
        <Material File="Map/02_-_Default.mtl"/>
        <Transform>
            <Position X="0" Y="0" Z="0"/>
            <Scale X="1" Y="1" Z="1"/>
            <Rotation X="0" Y="0" Z="0"/>
        </Transform>
        <Children Size="0"/>
    </Child75>
    <Child76 Name="Box83" Visible="true" ObType="0">
        <Mesh File="Map/3.Box83.mesh"/>
        <Shader File="3.cube.hlsl"/>
        <Material File="Map/02_-_Default.mtl"/>
        <Transform>
            <Position X="0" Y="0" Z="0"/>
            <Scale X="1" Y="1" Z="1"/>
            <Rotation X="0" Y="0" Z="0"/>
        </Transform>
        <Children Size="0"/>
    </Child76>
    <Child77 Name="Box84" Visible="true" ObType="0">
        <Mesh File="Map/3.Box84.mesh"/>
        <Shader File="3.cube.hlsl"/>
        <Material File="Map/02_-_Default.mtl"/>
        <Transform>
            <Position X="0" Y="0" Z="0"/>
            <Scale X="1" Y="1" Z="1"/>
            <Rotation X="0" Y="0" Z="0"/>
        </Transform>
        <Children Size="0"/>
    </Child77>
    <Child78 Name="Box85" Visible="true" ObType="0">
        <Mesh File="Map/3.Box85.mesh"/>
        <Shader File="3.cube.hlsl"/>
        <Material File="Map/02_-_Default.mtl"/>
        <Transform>
            <Position X="0" Y="0" Z="0"/>
            <Scale X="1" Y="1" Z="1"/>
            <Rotation X="0" Y="0" Z="0"/>
        </Transform>
        <Children Size="0"/>
    </Child78>
    <Child79 Name="Box86" Visible="true" ObType="0">
        <Mesh File="Map/3.Box86.mesh"/>
        <Shader File="3.cube.hlsl"/>
        <Material File="Map/02_-_Default.mtl"/>
        <Transform>
            <Position X="0" Y="0" Z="0"/>
            <Scale X="1" Y="1" Z="1"/>
            <Rotation X="0" Y="0" Z="0"/>
        </Transform>
        <Children Size="0"/>
    </Child79>
    <Child80 Name="Box87" Visible="true" ObType="0">
        <Mesh File="Map/3.Box87.mesh"/>
        <Shader File="3.cube.hlsl"/>
        <Material File="Map/02_-_Default.mtl"/>
        <Transform>
            <Position X="0" Y="0" Z="0"/>
            <Scale X="1" Y="1" Z="1"/>
            <Rotation X="0" Y="0" Z="0"/>
        </Transform>
        <Children Size="0"/>
    </Child80>
    <Child81 Name="Box88" Visible="true" ObType="0">
        <Mesh File="Map/3.Box88.mesh"/>
        <Shader File="3.cube.hlsl"/>
        <Material File="Map/02_-_Default.mtl"/>
        <Transform>
            <Position X="0" Y="0" Z="0"/>
            <Scale X="1" Y="1" Z="1"/>
            <Rotation X="0" Y="0" Z="0"/>
        </Transform>
        <Children Size="0"/>
    </Child81>
    <Child82 Name="Box89" Visible="true" ObType="0">
        <Mesh File="Map/3.Box89.mesh"/>
        <Shader File="3.cube.hlsl"/>
        <Material File="Map/02_-_Default.mtl"/>
        <Transform>
            <Position X="0" Y="0" Z="0"/>
            <Scale X="1" Y="1" Z="1"/>
            <Rotation X="0" Y="0" Z="0"/>
        </Transform>
        <Children Size="0"/>
    </Child82>
    <Child83 Name="Box90" Visible="true" ObType="0">
        <Mesh File="Map/3.Box90.mesh"/>
        <Shader File="3.cube.hlsl"/>
        <Material File="Map/02_-_Default.mtl"/>
        <Transform>
            <Position X="0" Y="0" Z="0"/>
            <Scale X="1" Y="1" Z="1"/>
            <Rotation X="0" Y="0" Z="0"/>
        </Transform>
        <Children Size="0"/>
    </Child83>
    <Child84 Name="Box91" Visible="true" ObType="0">
        <Mesh File="Map/3.Box91.mesh"/>
        <Shader File="3.cube.hlsl"/>
        <Material File="Map/02_-_Default.mtl"/>
        <Transform>
            <Position X="0" Y="0" Z="0"/>
            <Scale X="1" Y="1" Z="1"/>
            <Rotation X="0" Y="0" Z="0"/>
        </Transform>
        <Children Size="0"/>
    </Child84>
    <Child85 Name="Box92" Visible="true" ObType="0">
        <Mesh File="Map/3.Box92.mesh"/>
        <Shader File="3.cube.hlsl"/>
        <Material File="Map/02_-_Default.mtl"/>
        <Transform>
            <Position X="0" Y="0" Z="0"/>
            <Scale X="1" Y="1" Z="1"/>
            <Rotation X="0" Y="0" Z="0"/>
        </Transform>
        <Children Size="0"/>
    </Child85>
    <Child86 Name="Box93" Visible="true" ObType="0">
        <Mesh File="Map/3.Box93.mesh"/>
        <Shader File="3.cube.hlsl"/>
        <Material File="Map/02_-_Default.mtl"/>
        <Transform>
            <Position X="0" Y="0" Z="0"/>
            <Scale X="1" Y="1" Z="1"/>
            <Rotation X="0" Y="0" Z="0"/>
        </Transform>
        <Children Size="0"/>
    </Child86>
    <Child87 Name="Box94" Visible="true" ObType="0">
        <Mesh File="Map/3.Box94.mesh"/>
        <Shader File="3.cube.hlsl"/>
        <Material File="Map/02_-_Default.mtl"/>
        <Transform>
            <Position X="0" Y="0" Z="0"/>
            <Scale X="1" Y="1" Z="1"/>
            <Rotation X="0" Y="0" Z="0"/>
        </Transform>
        <Children Size="0"/>
    </Child87>
    <Child88 Name="Box95" Visible="true" ObType="0">
        <Mesh File="Map/3.Box95.mesh"/>
        <Shader File="3.cube.hlsl"/>
        <Material File="Map/02_-_Default.mtl"/>
        <Transform>
            <Position X="0" Y="0" Z="0"/>
            <Scale X="1" Y="1" Z="1"/>
            <Rotation X="0" Y="0" Z="0"/>
        </Transform>
        <Children Size="0"/>
    </Child88>
    <Child89 Name="Box96" Visible="true" ObType="0">
        <Mesh File="Map/3.Box96.mesh"/>
        <Shader File="3.cube.hlsl"/>
        <Material File="Map/02_-_Default.mtl"/>
        <Transform>
            <Position X="0" Y="0" Z="0"/>
            <Scale X="1" Y="1" Z="1"/>
            <Rotation X="0" Y="0" Z="0"/>
        </Transform>
        <Children Size="0"/>
    </Child89>
    <Child90 Name="Box97" Visible="true" ObType="0">
        <Mesh File="Map/3.Box97.mesh"/>
        <Shader File="3.cube.hlsl"/>
        <Material File="Map/02_-_Default.mtl"/>
        <Transform>
            <Position X="0" Y="0" Z="0"/>
            <Scale X="1" Y="1" Z="1"/>
            <Rotation X="0" Y="0" Z="0"/>
        </Transform>
        <Children Size="0"/>
    </Child90>
    <Child91 Name="Box98" Visible="true" ObType="0">
        <Mesh File="Map/3.Box98.mesh"/>
        <Shader File="3.cube.hlsl"/>
        <Material File="Map/02_-_Default.mtl"/>
        <Transform>
            <Position X="0" Y="0" Z="0"/>
            <Scale X="1" Y="1" Z="1"/>
            <Rotation X="0" Y="0" Z="0"/>
        </Transform>
        <Children Size="0"/>
    </Child91>
    <Child92 Name="Box99" Visible="true" ObType="0">
        <Mesh File="Map/3.Box99.mesh"/>
        <Shader File="3.cube.hlsl"/>
        <Material File="Map/02_-_Default.mtl"/>
        <Transform>
            <Position X="0" Y="0" Z="0"/>
            <Scale X="1" Y="1" Z="1"/>
            <Rotation X="0" Y="0" Z="0"/>
        </Transform>
        <Children Size="0"/>
    </Child92>
    <Child93 Name="Line04" Visible="true" ObType="0">
        <Mesh File="Map/3.Line04.mesh"/>
        <Shader File="3.cube.hlsl"/>
        <Material File="Map/09_-_Default.mtl"/>
        <Transform>
            <Position X="0" Y="0" Z="0"/>
            <Scale X="1" Y="1" Z="1"/>
            <Rotation X="0" Y="0" Z="0"/>
        </Transform>
        <Children Size="0"/>
    </Child93>
    <Child94 Name="Line05" Visible="true" ObType="0">
        <Mesh File="Map/3.Line05.mesh"/>
        <Shader File="3.cube.hlsl"/>
        <Material File="Map/08_-_Default.mtl"/>
        <Transform>
            <Position X="0" Y="0" Z="0"/>
            <Scale X="1" Y="1" Z="1"/>
            <Rotation X="0" Y="0" Z="0"/>
        </Transform>
        <Children Size="0"/>
    </Child94>
    <Child95 Name="Line06" Visible="true" ObType="0">
        <Mesh File="Map/3.Line06.mesh"/>
        <Shader File="3.cube.hlsl"/>
        <Material File="Map/08_-_Default.mtl"/>
        <Transform>
            <Position X="0" Y="0" Z="0"/>
            <Scale X="1" Y="1" Z="1"/>
            <Rotation X="0" Y="0" Z="0"/>
        </Transform>
        <Children Size="0"/>
    </Child95>
    <Child96 Name="Line07" Visible="true" ObType="0">
        <Mesh File="Map/3.Line07.mesh"/>
        <Shader File="3.cube.hlsl"/>
        <Material File="Map/08_-_Default.mtl"/>
        <Transform>
            <Position X="0" Y="0" Z="0"/>
            <Scale X="1" Y="1" Z="1"/>
            <Rotation X="0" Y="0" Z="0"/>
        </Transform>
        <Children Size="0"/>
    </Child96>
    <Child97 Name="Line08" Visible="true" ObType="0">
        <Mesh File="Map/3.Line08.mesh"/>
        <Shader File="3.cube.hlsl"/>
        <Material File="Map/08_-_Default.mtl"/>
        <Transform>
            <Position X="0" Y="0" Z="0"/>
            <Scale X="1" Y="1" Z="1"/>
            <Rotation X="0" Y="0" Z="0"/>
        </Transform>
        <Children Size="0"/>
    </Child97>
    <Child98 Name="Line09" Visible="true" ObType="0">
        <Mesh File="Map/3.Line09.mesh"/>
        <Shader File="3.cube.hlsl"/>
        <Material File="Map/09_-_Default.mtl"/>
        <Transform>
            <Position X="0" Y="0" Z="0"/>
            <Scale X="1" Y="1" Z="1"/>
            <Rotation X="0" Y="0" Z="0"/>
        </Transform>
        <Children Size="0"/>
    </Child98>
    <Child99 Name="Line10" Visible="true" ObType="0">
        <Mesh File="Map/3.Line10.mesh"/>
        <Shader File="3.cube.hlsl"/>
        <Material File="Map/09_-_Default.mtl"/>
        <Transform>
            <Position X="0" Y="0" Z="0"/>
            <Scale X="1" Y="1" Z="1"/>
            <Rotation X="0" Y="0" Z="0"/>
        </Transform>
        <Children Size="0"/>
    </Child99>
    <Child100 Name="Line11" Visible="true" ObType="0">
        <Mesh File="Map/3.Line11.mesh"/>
        <Shader File="3.cube.hlsl"/>
        <Material File="Map/08_-_Default.mtl"/>
        <Transform>
            <Position X="0" Y="0" Z="0"/>
            <Scale X="1" Y="1" Z="1"/>
            <Rotation X="0" Y="0" Z="0"/>
        </Transform>
        <Children Size="0"/>
    </Child100>
    <Child101 Name="Line12" Visible="true" ObType="0">
        <Mesh File="Map/3.Line12.mesh"/>
        <Shader File="3.cube.hlsl"/>
        <Material File="Map/08_-_Default.mtl"/>
        <Transform>
            <Position X="0" Y="0" Z="0"/>
            <Scale X="1" Y="1" Z="1"/>
            <Rotation X="0" Y="0" Z="0"/>
        </Transform>
        <Children Size="0"/>
    </Child101>
    <Child102 Name="Line17" Visible="true" ObType="0">
        <Mesh File="Map/3.Line17.mesh"/>
        <Shader File="3.cube.hlsl"/>
        <Material File="Map/08_-_Default.mtl"/>
        <Transform>
            <Position X="0" Y="0" Z="0"/>
            <Scale X="1" Y="1" Z="1"/>
            <Rotation X="0" Y="0" Z="0"/>
        </Transform>
        <Children Size="0"/>
    </Child102>
    <Child103 Name="Line20" Visible="true" ObType="0">
        <Mesh File="Map/3.Line20.mesh"/>
        <Shader File="3.cube.hlsl"/>
        <Material File="Map/13_-_Default.mtl"/>
        <Transform>
            <Position X="0" Y="0" Z="0"/>
            <Scale X="1" Y="1" Z="1"/>
            <Rotation X="0" Y="0" Z="0"/>
        </Transform>
        <Children Size="0"/>
    </Child103>
    <Child104 Name="Line21" Visible="true" ObType="0">
        <Mesh File="Map/3.Line21.mesh"/>
        <Shader File="3.cube.hlsl"/>
        <Material File="Map/08_-_Default.mtl"/>
        <Transform>
            <Position X="0" Y="0" Z="0"/>
            <Scale X="1" Y="1" Z="1"/>
            <Rotation X="0" Y="0" Z="0"/>
        </Transform>
        <Children Size="0"/>
    </Child104>
    <Child105 Name="Line22" Visible="true" ObType="0">
        <Mesh File="Map/3.Line22.mesh"/>
        <Shader File="3.cube.hlsl"/>
        <Material File="Map/09_-_Default.mtl"/>
        <Transform>
            <Position X="0" Y="0" Z="0"/>
            <Scale X="1" Y="1" Z="1"/>
            <Rotation X="0" Y="0" Z="0"/>
        </Transform>
        <Children Size="0"/>
    </Child105>
    <Child106 Name="Line23" Visible="true" ObType="0">
        <Mesh File="Map/3.Line23.mesh"/>
        <Shader File="3.cube.hlsl"/>
        <Material File="Map/08_-_Default.mtl"/>
        <Transform>
            <Position X="0" Y="0" Z="0"/>
            <Scale X="1" Y="1" Z="1"/>
            <Rotation X="0" Y="0" Z="0"/>
        </Transform>
        <Children Size="0"/>
    </Child106>
    <Child107 Name="Rectangle01" Visible="true" ObType="0">
        <Mesh File="Map/3.Rectangle01.mesh"/>
        <Shader File="3.cube.hlsl"/>
        <Material File="Map/09_-_Default.mtl"/>
        <Transform>
            <Position X="0" Y="0" Z="0"/>
            <Scale X="1" Y="1" Z="1"/>
            <Rotation X="0" Y="0" Z="0"/>
        </Transform>
        <Children Size="0"/>
    </Child107>
    <Child108 Name="Rectangle02" Visible="true" ObType="0">
        <Mesh File="Map/3.Rectangle02.mesh"/>
        <Shader File="3.cube.hlsl"/>
        <Material File="Map/09_-_Default.mtl"/>
        <Transform>
            <Position X="0" Y="0" Z="0"/>
            <Scale X="1" Y="1" Z="1"/>
            <Rotation X="0" Y="0" Z="0"/>
        </Transform>
        <Children Size="0"/>
    </Child108>
    <Child109 Name="Rectangle03" Visible="true" ObType="0">
        <Mesh File="Map/3.Rectangle03.mesh"/>
        <Shader File="3.cube.hlsl"/>
        <Material File="Map/09_-_Default.mtl"/>
        <Transform>
            <Position X="0" Y="0" Z="0"/>
            <Scale X="1" Y="1" Z="1"/>
            <Rotation X="0" Y="0" Z="0"/>
        </Transform>
        <Children Size="0"/>
    </Child109>
    <Child110 Name="Rectangle04" Visible="true" ObType="0">
        <Mesh File="Map/3.Rectangle04.mesh"/>
        <Shader File="3.cube.hlsl"/>
        <Material File="Map/09_-_Default.mtl"/>
        <Transform>
            <Position X="0" Y="0" Z="0"/>
            <Scale X="1" Y="1" Z="1"/>
            <Rotation X="0" Y="0" Z="0"/>
        </Transform>
        <Children Size="0"/>
    </Child110>
    <Child111 Name="Rectangle05" Visible="true" ObType="0">
        <Mesh File="Map/3.Rectangle05.mesh"/>
        <Shader File="3.cube.hlsl"/>
        <Material File="Map/09_-_Default.mtl"/>
        <Transform>
            <Position X="0" Y="0" Z="0"/>
            <Scale X="1" Y="1" Z="1"/>
            <Rotation X="0" Y="0" Z="0"/>
        </Transform>
        <Children Size="0"/>
    </Child111>
    <Child112 Name="Rectangle06" Visible="true" ObType="0">
        <Mesh File="Map/3.Rectangle06.mesh"/>
        <Shader File="3.cube.hlsl"/>
        <Material File="Map/09_-_Default.mtl"/>
        <Transform>
            <Position X="0" Y="0" Z="0"/>
            <Scale X="1" Y="1" Z="1"/>
            <Rotation X="0" Y="0" Z="0"/>
        </Transform>
        <Children Size="0"/>
    </Child112>
    <Child113 Name="Rectangle07" Visible="true" ObType="0">
        <Mesh File="Map/3.Rectangle07.mesh"/>
        <Shader File="3.cube.hlsl"/>
        <Material File="Map/09_-_Default.mtl"/>
        <Transform>
            <Position X="0" Y="0" Z="0"/>
            <Scale X="1" Y="1" Z="1"/>
            <Rotation X="0" Y="0" Z="0"/>
        </Transform>
        <Children Size="0"/>
    </Child113>
    <Child114 Name="Rectangle08" Visible="true" ObType="0">
        <Mesh File="Map/3.Rectangle08.mesh"/>
        <Shader File="3.cube.hlsl"/>
        <Material File="Map/09_-_Default.mtl"/>
        <Transform>
            <Position X="0" Y="0" Z="0"/>
            <Scale X="1" Y="1" Z="1"/>
            <Rotation X="0" Y="0" Z="0"/>
        </Transform>
        <Children Size="0"/>
    </Child114>
    <Child115 Name="Rectangle09" Visible="true" ObType="0">
        <Mesh File="Map/3.Rectangle09.mesh"/>
        <Shader File="3.cube.hlsl"/>
        <Material File="Map/13_-_Default.mtl"/>
        <Transform>
            <Position X="0" Y="0" Z="0"/>
            <Scale X="1" Y="1" Z="1"/>
            <Rotation X="0" Y="0" Z="0"/>
        </Transform>
        <Children Size="0"/>
    </Child115>
    <Child116 Name="Rectangle10" Visible="true" ObType="0">
        <Mesh File="Map/3.Rectangle10.mesh"/>
        <Shader File="3.cube.hlsl"/>
        <Material File="Map/13_-_Default.mtl"/>
        <Transform>
            <Position X="0" Y="0" Z="0"/>
            <Scale X="1" Y="1" Z="1"/>
            <Rotation X="0" Y="0" Z="0"/>
        </Transform>
        <Children Size="0"/>
    </Child116>
    <Child117 Name="Rectangle11" Visible="true" ObType="0">
        <Mesh File="Map/3.Rectangle11.mesh"/>
        <Shader File="3.cube.hlsl"/>
        <Material File="Map/Material__2.mtl"/>
        <Transform>
            <Position X="0" Y="0" Z="0"/>
            <Scale X="1" Y="1" Z="1"/>
            <Rotation X="0" Y="0" Z="0"/>
        </Transform>
        <Children Size="0"/>
    </Child117>
    <Child118 Name="Rectangle12" Visible="true" ObType="0">
        <Mesh File="Map/3.Rectangle12.mesh"/>
        <Shader File="3.cube.hlsl"/>
        <Material File="Map/09_-_Default.mtl"/>
        <Transform>
            <Position X="0" Y="0" Z="0"/>
            <Scale X="1" Y="1" Z="1"/>
            <Rotation X="0" Y="0" Z="0"/>
        </Transform>
        <Children Size="0"/>
    </Child118>
    <Child119 Name="Rectangle13" Visible="true" ObType="0">
        <Mesh File="Map/3.Rectangle13.mesh"/>
        <Shader File="3.cube.hlsl"/>
        <Material File="Map/09_-_Default.mtl"/>
        <Transform>
            <Position X="0" Y="0" Z="0"/>
            <Scale X="1" Y="1" Z="1"/>
            <Rotation X="0" Y="0" Z="0"/>
        </Transform>
        <Children Size="0"/>
    </Child119>
    <Child120 Name="Rectangle14" Visible="true" ObType="0">
        <Mesh File="Map/3.Rectangle14.mesh"/>
        <Shader File="3.cube.hlsl"/>
        <Material File="Map/09_-_Default.mtl"/>
        <Transform>
            <Position X="0" Y="0" Z="0"/>
            <Scale X="1" Y="1" Z="1"/>
            <Rotation X="0" Y="0" Z="0"/>
        </Transform>
        <Children Size="0"/>
    </Child120>
    <Child121 Name="Rectangle15" Visible="true" ObType="0">
        <Mesh File="Map/3.Rectangle15.mesh"/>
        <Shader File="3.cube.hlsl"/>
        <Material File="Map/09_-_Default.mtl"/>
        <Transform>
            <Position X="0" Y="0" Z="0"/>
            <Scale X="1" Y="1" Z="1"/>
            <Rotation X="0" Y="0" Z="0"/>
        </Transform>
        <Children Size="0"/>
    </Child121>
    <Child122 Name="Rectangle16" Visible="true" ObType="0">
        <Mesh File="Map/3.Rectangle16.mesh"/>
        <Shader File="3.cube.hlsl"/>
        <Material File="Map/09_-_Default.mtl"/>
        <Transform>
            <Position X="0" Y="0" Z="0"/>
            <Scale X="1" Y="1" Z="1"/>
            <Rotation X="0" Y="0" Z="0"/>
        </Transform>
        <Children Size="0"/>
    </Child122>
    <Child123 Name="Rectangle17" Visible="true" ObType="0">
        <Mesh File="Map/3.Rectangle17.mesh"/>
        <Shader File="3.cube.hlsl"/>
        <Material File="Map/09_-_Default.mtl"/>
        <Transform>
            <Position X="0" Y="0" Z="0"/>
            <Scale X="1" Y="1" Z="1"/>
            <Rotation X="0" Y="0" Z="0"/>
        </Transform>
        <Children Size="0"/>
    </Child123>
    <Child124 Name="Rectangle18" Visible="true" ObType="0">
        <Mesh File="Map/3.Rectangle18.mesh"/>
        <Shader File="3.cube.hlsl"/>
        <Material File="Map/09_-_Default.mtl"/>
        <Transform>
            <Position X="0" Y="0" Z="0"/>
            <Scale X="1" Y="1" Z="1"/>
            <Rotation X="0" Y="0" Z="0"/>
        </Transform>
        <Children Size="0"/>
    </Child124>
    <Child125 Name="Rectangle19" Visible="true" ObType="0">
        <Mesh File="Map/3.Rectangle19.mesh"/>
        <Shader File="3.cube.hlsl"/>
        <Material File="Map/13_-_Default.mtl"/>
        <Transform>
            <Position X="0" Y="0" Z="0"/>
            <Scale X="1" Y="1" Z="1"/>
            <Rotation X="0" Y="0" Z="0"/>
        </Transform>
        <Children Size="0"/>
    </Child125>
    <Child126 Name="Rectangle20" Visible="true" ObType="0">
        <Mesh File="Map/3.Rectangle20.mesh"/>
        <Shader File="3.cube.hlsl"/>
        <Material File="Map/13_-_Default.mtl"/>
        <Transform>
            <Position X="0" Y="0" Z="0"/>
            <Scale X="1" Y="1" Z="1"/>
            <Rotation X="0" Y="0" Z="0"/>
        </Transform>
        <Children Size="0"/>
    </Child126>
    <Child127 Name="Rectangle21" Visible="true" ObType="0">
        <Mesh File="Map/3.Rectangle21.mesh"/>
        <Shader File="3.cube.hlsl"/>
        <Material File="Map/13_-_Default.mtl"/>
        <Transform>
            <Position X="0" Y="0" Z="0"/>
            <Scale X="1" Y="1" Z="1"/>
            <Rotation X="0" Y="0" Z="0"/>
        </Transform>
        <Children Size="0"/>
    </Child127>
    <Child128 Name="Rectangle22" Visible="true" ObType="0">
        <Mesh File="Map/3.Rectangle22.mesh"/>
        <Shader File="3.cube.hlsl"/>
        <Material File="Map/13_-_Default.mtl"/>
        <Transform>
            <Position X="0" Y="0" Z="0"/>
            <Scale X="1" Y="1" Z="1"/>
            <Rotation X="0" Y="0" Z="0"/>
        </Transform>
        <Children Size="0"/>
    </Child128>
    <Child129 Name="Rectangle23" Visible="true" ObType="0">
        <Mesh File="Map/3.Rectangle23.mesh"/>
        <Shader File="3.cube.hlsl"/>
        <Material File="Map/13_-_Default.mtl"/>
        <Transform>
            <Position X="0" Y="0" Z="0"/>
            <Scale X="1" Y="1" Z="1"/>
            <Rotation X="0" Y="0" Z="0"/>
        </Transform>
        <Children Size="0"/>
    </Child129>
    <Child130 Name="Rectangle25" Visible="true" ObType="0">
        <Mesh File="Map/3.Rectangle25.mesh"/>
        <Shader File="3.cube.hlsl"/>
        <Material File="Map/Material__2.mtl"/>
        <Transform>
            <Position X="0" Y="0" Z="0"/>
            <Scale X="1" Y="1" Z="1"/>
            <Rotation X="0" Y="0" Z="0"/>
        </Transform>
        <Children Size="0"/>
    </Child130>
    <Child131 Name="Rectangle26" Visible="true" ObType="0">
        <Mesh File="Map/3.Rectangle26.mesh"/>
        <Shader File="3.cube.hlsl"/>
        <Material File="Map/13_-_Default.mtl"/>
        <Transform>
            <Position X="0" Y="0" Z="0"/>
            <Scale X="1" Y="1" Z="1"/>
            <Rotation X="0" Y="0" Z="0"/>
        </Transform>
        <Children Size="0"/>
    </Child131>
    <Child132 Name="Rectangle27" Visible="true" ObType="0">
        <Mesh File="Map/3.Rectangle27.mesh"/>
        <Shader File="3.cube.hlsl"/>
        <Material File="Map/13_-_Default.mtl"/>
        <Transform>
            <Position X="0" Y="0" Z="0"/>
            <Scale X="1" Y="1" Z="1"/>
            <Rotation X="0" Y="0" Z="0"/>
        </Transform>
        <Children Size="0"/>
    </Child132>
    <Child133 Name="Rectangle28" Visible="true" ObType="0">
        <Mesh File="Map/3.Rectangle28.mesh"/>
        <Shader File="3.cube.hlsl"/>
        <Material File="Map/13_-_Default.mtl"/>
        <Transform>
            <Position X="0" Y="0" Z="0"/>
            <Scale X="1" Y="1" Z="1"/>
            <Rotation X="0" Y="0" Z="0"/>
        </Transform>
        <Children Size="0"/>
    </Child133>
    <Child134 Name="Rectangle29" Visible="true" ObType="0">
        <Mesh File="Map/3.Rectangle29.mesh"/>
        <Shader File="3.cube.hlsl"/>
        <Material File="Map/13_-_Default.mtl"/>
        <Transform>
            <Position X="0" Y="0" Z="0"/>
            <Scale X="1" Y="1" Z="1"/>
            <Rotation X="0" Y="0" Z="0"/>
        </Transform>
        <Children Size="0"/>
    </Child134>
    <Child135 Name="Rectangle30" Visible="true" ObType="0">
        <Mesh File="Map/3.Rectangle30.mesh"/>
        <Shader File="3.cube.hlsl"/>
        <Material File="Map/13_-_Default.mtl"/>
        <Transform>
            <Position X="0" Y="0" Z="0"/>
            <Scale X="1" Y="1" Z="1"/>
            <Rotation X="0" Y="0" Z="0"/>
        </Transform>
        <Children Size="0"/>
    </Child135>
    <Child136 Name="Rectangle31" Visible="true" ObType="0">
        <Mesh File="Map/3.Rectangle31.mesh"/>
        <Shader File="3.cube.hlsl"/>
        <Material File="Map/Material__2.mtl"/>
        <Transform>
            <Position X="0" Y="0" Z="0"/>
            <Scale X="1" Y="1" Z="1"/>
            <Rotation X="0" Y="0" Z="0"/>
        </Transform>
        <Children Size="0"/>
    </Child136>
    <Child137 Name="Rectangle32" Visible="true" ObType="0">
        <Mesh File="Map/3.Rectangle32.mesh"/>
        <Shader File="3.cube.hlsl"/>
        <Material File="Map/Material__2.mtl"/>
        <Transform>
            <Position X="0" Y="0" Z="0"/>
            <Scale X="1" Y="1" Z="1"/>
            <Rotation X="0" Y="0" Z="0"/>
        </Transform>
        <Children Size="0"/>
    </Child137>
    <Child138 Name="Rectangle33" Visible="true" ObType="0">
        <Mesh File="Map/3.Rectangle33.mesh"/>
        <Shader File="3.cube.hlsl"/>
        <Material File="Map/Material__2.mtl"/>
        <Transform>
            <Position X="0" Y="0" Z="0"/>
            <Scale X="1" Y="1" Z="1"/>
            <Rotation X="0" Y="0" Z="0"/>
        </Transform>
        <Children Size="0"/>
    </Child138>
</Root>
