<Root Name="map_surface" Visible="true" ObType="1">
    <Transform>
        <Position X="0" Y="0" Z="0"/>
        <Scale X="0.039999999" Y="0.039999999" Z="0.039999999"/>
        <Rotation X="-1.5707964" Y="0" Z="-1.5707964"/>
    </Transform>
    <Children Size="1"/>
    <Child0 Name="Rectangle19" Visible="true" ObType="0">
        <Mesh File="map_surface/3.Rectangle19.mesh"/>
        <Shader File="3.cube.hlsl"/>
        <Material File="map_surface/09_-_Default.mtl"/>
        <Transform>
            <Position X="0" Y="0" Z="0"/>
            <Scale X="1" Y="1" Z="1"/>
            <Rotation X="0" Y="0" Z="0"/>
        </Transform>
        <Children Size="0"/>
    </Child0>
</Root>
