<Root Name="RootNode" Visible="true" ObType="1" BoneIndex="0">
    <Skeleton File="vampire_a_lusth/vampire_a_lusth.skel" BoneIndexCount="67"/>
    <Animations AnimSize="2" File0="Idle/Idle0.anim" File1="Walking/Walking0.anim"/>
    <Shader File="4.cube.hlsl"/>
    <Transform>
        <Position X="-66.314049" Y="64.377129" Z="82.287521"/>
        <Scale X="0.1" Y="0.1" Z="0.1"/>
        <Rotation X="0" Y="0" Z="0"/>
    </Transform>
    <Children Size="1"/>
    <Child0 Name="Offset" Visible="true" ObType="0" BoneIndex="1">
        <Shader File="4.cube.hlsl"/>
        <Transform>
            <Position X="0" Y="0" Z="0"/>
            <Scale X="1" Y="1" Z="1"/>
            <Rotation X="0" Y="-3.1590462" Z="-0"/>
        </Transform>
        <Children Size="2"/>
        <Child0 Name="Hips" Visible="true" ObType="0" BoneIndex="2">
            <Shader File="4.cube.hlsl"/>
            <Transform>
                <Position X="-0.089718208" Y="121.76077" Z="-1.2568752"/>
                <Scale X="1" Y="1" Z="1"/>
                <Rotation X="0" Y="0" Z="-0"/>
            </Transform>
            <Children Size="3"/>
            <Child0 Name="LeftUpLeg" Visible="true" ObType="0" BoneIndex="57">
                <Shader File="4.cube.hlsl"/>
                <Transform>
                    <Position X="13.026871" Y="-6.3362961" Z="1.0927688"/>
                    <Scale X="1" Y="1" Z="1"/>
                    <Rotation X="0" Y="0" Z="-0"/>
                </Transform>
                <Children Size="1"/>
                <Child0 Name="LeftLeg" Visible="true" ObType="0" BoneIndex="58">
                    <Shader File="4.cube.hlsl"/>
                    <Transform>
                        <Position X="0.5317362" Y="-46.096752" Z="-9.7827272"/>
                        <Scale X="1" Y="1" Z="1"/>
                        <Rotation X="0" Y="0" Z="-0"/>
                    </Transform>
                    <Children Size="1"/>
                    <Child0 Name="LeftFoot" Visible="true" ObType="0" BoneIndex="59">
                        <Shader File="4.cube.hlsl"/>
                        <Transform>
                            <Position X="-0.51606101" Y="-53.427502" Z="12.948194"/>
                            <Scale X="1" Y="1" Z="1"/>
                            <Rotation X="0" Y="0" Z="-0"/>
                        </Transform>
                        <Children Size="1"/>
                        <Child0 Name="LeftToeBase" Visible="true" ObType="0" BoneIndex="60">
                            <Shader File="4.cube.hlsl"/>
                            <Transform>
                                <Position X="0.19222076" Y="-14.009667" Z="-16.364061"/>
                                <Scale X="1" Y="1" Z="1"/>
                                <Rotation X="0" Y="0" Z="-0"/>
                            </Transform>
                            <Children Size="1"/>
                            <Child0 Name="LeftToe_End" Visible="true" ObType="0" BoneIndex="61">
                                <Shader File="4.cube.hlsl"/>
                                <Transform>
                                    <Position X="-1.7847167" Y="-0.56173581" Z="-9.4748058"/>
                                    <Scale X="1" Y="1" Z="1"/>
                                    <Rotation X="0" Y="0" Z="-0"/>
                                </Transform>
                                <Children Size="0"/>
                            </Child0>
                        </Child0>
                    </Child0>
                </Child0>
            </Child0>
            <Child1 Name="RightUpLeg" Visible="true" ObType="0" BoneIndex="62">
                <Shader File="4.cube.hlsl"/>
                <Transform>
                    <Position X="-12.882951" Y="-6.3362947" Z="1.0927688"/>
                    <Scale X="1" Y="1" Z="1"/>
                    <Rotation X="0" Y="0" Z="-0"/>
                </Transform>
                <Children Size="1"/>
                <Child0 Name="RightLeg" Visible="true" ObType="0" BoneIndex="63">
                    <Shader File="4.cube.hlsl"/>
                    <Transform>
                        <Position X="-0.51751024" Y="-46.096905" Z="-9.7827759"/>
                        <Scale X="1" Y="1" Z="1"/>
                        <Rotation X="0" Y="0" Z="-0"/>
                    </Transform>
                    <Children Size="1"/>
                    <Child0 Name="RightFoot" Visible="true" ObType="0" BoneIndex="64">
                        <Shader File="4.cube.hlsl"/>
                        <Transform>
                            <Position X="0.53275561" Y="-53.427315" Z="12.948288"/>
                            <Scale X="1" Y="1" Z="1"/>
                            <Rotation X="0" Y="0" Z="-0"/>
                        </Transform>
                        <Children Size="1"/>
                        <Child0 Name="RightToeBase" Visible="true" ObType="0" BoneIndex="65">
                            <Shader File="4.cube.hlsl"/>
                            <Transform>
                                <Position X="-0.19222334" Y="-14.009681" Z="-16.36405"/>
                                <Scale X="1" Y="1" Z="1"/>
                                <Rotation X="0" Y="0" Z="-0"/>
                            </Transform>
                            <Children Size="1"/>
                            <Child0 Name="RightToe_End" Visible="true" ObType="0" BoneIndex="66">
                                <Shader File="4.cube.hlsl"/>
                                <Transform>
                                    <Position X="1.7847159" Y="-0.56174356" Z="-9.4748049"/>
                                    <Scale X="1" Y="1" Z="1"/>
                                    <Rotation X="0" Y="0" Z="-0"/>
                                </Transform>
                                <Children Size="0"/>
                            </Child0>
                        </Child0>
                    </Child0>
                </Child0>
            </Child1>
            <Child2 Name="Spine" Visible="true" ObType="0" BoneIndex="3">
                <Shader File="4.cube.hlsl"/>
                <Transform>
                    <Position X="0.071960591" Y="7.2573209" Z="0.78967905"/>
                    <Scale X="1" Y="1" Z="1"/>
                    <Rotation X="0" Y="0" Z="-0"/>
                </Transform>
                <Children Size="1"/>
                <Child0 Name="Spine1" Visible="true" ObType="0" BoneIndex="4">
                    <Shader File="4.cube.hlsl"/>
                    <Transform>
                        <Position X="9.9087512e-09" Y="8.4668627" Z="0.9212923"/>
                        <Scale X="1" Y="1" Z="1"/>
                        <Rotation X="0" Y="0" Z="-0"/>
                    </Transform>
                    <Children Size="1"/>
                    <Child0 Name="Spine2" Visible="true" ObType="0" BoneIndex="5">
                        <Shader File="4.cube.hlsl"/>
                        <Transform>
                            <Position X="4.7781572e-08" Y="29.059362" Z="1.0529072"/>
                            <Scale X="1" Y="1" Z="1"/>
                            <Rotation X="0" Y="0" Z="-0"/>
                        </Transform>
                        <Children Size="3"/>
                        <Child0 Name="LeftShoulder" Visible="true" ObType="0" BoneIndex="9">
                            <Shader File="4.cube.hlsl"/>
                            <Transform>
                                <Position X="12.584894" Y="11.570624" Z="1.3379741"/>
                                <Scale X="1" Y="1" Z="1"/>
                                <Rotation X="0" Y="0" Z="-0"/>
                            </Transform>
                            <Children Size="1"/>
                            <Child0 Name="LeftArm" Visible="true" ObType="0" BoneIndex="10">
                                <Shader File="4.cube.hlsl"/>
                                <Transform>
                                    <Position X="13.90605" Y="-6.0965209" Z="-1.9650508"/>
                                    <Scale X="1" Y="1" Z="1"/>
                                    <Rotation X="0" Y="0" Z="-0"/>
                                </Transform>
                                <Children Size="1"/>
                                <Child0 Name="LeftForeArm" Visible="true" ObType="0" BoneIndex="11">
                                    <Shader File="4.cube.hlsl"/>
                                    <Transform>
                                        <Position X="34.136707" Y="-0.070129938" Z="-0.48319134"/>
                                        <Scale X="1" Y="1" Z="1"/>
                                        <Rotation X="0" Y="0" Z="-0"/>
                                    </Transform>
                                    <Children Size="1"/>
                                    <Child0 Name="LeftHand" Visible="true" ObType="0" BoneIndex="12">
                                        <Shader File="4.cube.hlsl"/>
                                        <Transform>
                                            <Position X="40.956066" Y="-5.7935085e-05" Z="-0.5797587"/>
                                            <Scale X="1" Y="1" Z="1"/>
                                            <Rotation X="0" Y="0" Z="-0"/>
                                        </Transform>
                                        <Children Size="5"/>
                                        <Child0 Name="LeftHandIndex1" Visible="true" ObType="0" BoneIndex="17">
                                            <Shader File="4.cube.hlsl"/>
                                            <Transform>
                                                <Position X="18.323032" Y="-0.93942714" Z="-4.8531914"/>
                                                <Scale X="1" Y="1" Z="1"/>
                                                <Rotation X="0" Y="0" Z="-0"/>
                                            </Transform>
                                            <Children Size="1"/>
                                            <Child0 Name="LeftHandIndex2" Visible="true" ObType="0" BoneIndex="18">
                                                <Shader File="4.cube.hlsl"/>
                                                <Transform>
                                                    <Position X="4.7107935" Y="-3.7760041e-05" Z="-0.066665672"/>
                                                    <Scale X="1" Y="1" Z="1"/>
                                                    <Rotation X="0" Y="0" Z="-0"/>
                                                </Transform>
                                                <Children Size="1"/>
                                                <Child0 Name="LeftHandIndex3" Visible="true" ObType="0" BoneIndex="19">
                                                    <Shader File="4.cube.hlsl"/>
                                                    <Transform>
                                                        <Position X="2.8768725" Y="-0.2261035" Z="-0.04582379"/>
                                                        <Scale X="1" Y="1" Z="1"/>
                                                        <Rotation X="0" Y="0" Z="-0"/>
                                                    </Transform>
                                                    <Children Size="1"/>
                                                    <Child0 Name="LeftHandIndex4" Visible="true" ObType="0" BoneIndex="20">
                                                        <Shader File="4.cube.hlsl"/>
                                                        <Transform>
                                                            <Position X="6.1453118" Y="-4.8872462e-05" Z="-0.087004654"/>
                                                            <Scale X="1" Y="1" Z="1"/>
                                                            <Rotation X="0" Y="0" Z="-0"/>
                                                        </Transform>
                                                        <Children Size="0"/>
                                                    </Child0>
                                                </Child0>
                                            </Child0>
                                        </Child0>
                                        <Child1 Name="LeftHandMiddle1" Visible="true" ObType="0" BoneIndex="21">
                                            <Shader File="4.cube.hlsl"/>
                                            <Transform>
                                                <Position X="18.011229" Y="2.2299198e-05" Z="-0.2549251"/>
                                                <Scale X="1" Y="1" Z="1"/>
                                                <Rotation X="0" Y="0" Z="-0"/>
                                            </Transform>
                                            <Children Size="1"/>
                                            <Child0 Name="LeftHandMiddle2" Visible="true" ObType="0" BoneIndex="22">
                                                <Shader File="4.cube.hlsl"/>
                                                <Transform>
                                                    <Position X="4.9461746" Y="-1.6569871e-05" Z="-0.070024475"/>
                                                    <Scale X="1" Y="1" Z="1"/>
                                                    <Rotation X="0" Y="0" Z="-0"/>
                                                </Transform>
                                                <Children Size="1"/>
                                                <Child0 Name="LeftHandMiddle3" Visible="true" ObType="0" BoneIndex="23">
                                                    <Shader File="4.cube.hlsl"/>
                                                    <Transform>
                                                        <Position X="3.3418844" Y="1.98371e-05" Z="-0.047322422"/>
                                                        <Scale X="1" Y="1" Z="1"/>
                                                        <Rotation X="0" Y="0" Z="-0"/>
                                                    </Transform>
                                                    <Children Size="1"/>
                                                    <Child0 Name="LeftHandMiddle4" Visible="true" ObType="0" BoneIndex="24">
                                                        <Shader File="4.cube.hlsl"/>
                                                        <Transform>
                                                            <Position X="4.4613342" Y="-4.2580876e-05" Z="-0.063172147"/>
                                                            <Scale X="1" Y="1" Z="1"/>
                                                            <Rotation X="0" Y="0" Z="-0"/>
                                                        </Transform>
                                                        <Children Size="0"/>
                                                    </Child0>
                                                </Child0>
                                            </Child0>
                                        </Child1>
                                        <Child2 Name="LeftHandPinky1" Visible="true" ObType="0" BoneIndex="29">
                                            <Shader File="4.cube.hlsl"/>
                                            <Transform>
                                                <Position X="12.886802" Y="-0.80683029" Z="6.6205163"/>
                                                <Scale X="1" Y="1" Z="1"/>
                                                <Rotation X="0" Y="0" Z="-0"/>
                                            </Transform>
                                            <Children Size="1"/>
                                            <Child0 Name="LeftHandPinky2" Visible="true" ObType="0" BoneIndex="30">
                                                <Shader File="4.cube.hlsl"/>
                                                <Transform>
                                                    <Position X="3.3268147" Y="-7.9831188e-06" Z="-0.047120821"/>
                                                    <Scale X="1" Y="1" Z="1"/>
                                                    <Rotation X="0" Y="0" Z="-0"/>
                                                </Transform>
                                                <Children Size="1"/>
                                                <Child0 Name="LeftHandPinky3" Visible="true" ObType="0" BoneIndex="31">
                                                    <Shader File="4.cube.hlsl"/>
                                                    <Transform>
                                                        <Position X="3.0146189" Y="-2.8954702e-05" Z="-0.042702463"/>
                                                        <Scale X="1" Y="1" Z="1"/>
                                                        <Rotation X="0" Y="0" Z="-0"/>
                                                    </Transform>
                                                    <Children Size="1"/>
                                                    <Child0 Name="LeftHandPinky4" Visible="true" ObType="0" BoneIndex="32">
                                                        <Shader File="4.cube.hlsl"/>
                                                        <Transform>
                                                            <Position X="5.8471518" Y="3.4759098e-05" Z="-0.082744345"/>
                                                            <Scale X="1" Y="1" Z="1"/>
                                                            <Rotation X="0" Y="0" Z="-0"/>
                                                        </Transform>
                                                        <Children Size="0"/>
                                                    </Child0>
                                                </Child0>
                                            </Child0>
                                        </Child2>
                                        <Child3 Name="LeftHandRing1" Visible="true" ObType="0" BoneIndex="25">
                                            <Shader File="4.cube.hlsl"/>
                                            <Transform>
                                                <Position X="15.906673" Y="-0.087604873" Z="3.9018147"/>
                                                <Scale X="1" Y="1" Z="1"/>
                                                <Rotation X="0" Y="0" Z="-0"/>
                                            </Transform>
                                            <Children Size="1"/>
                                            <Child0 Name="LeftHandRing2" Visible="true" ObType="0" BoneIndex="26">
                                                <Shader File="4.cube.hlsl"/>
                                                <Transform>
                                                    <Position X="3.5266812" Y="-4.3607237e-05" Z="-0.049964782"/>
                                                    <Scale X="1" Y="1" Z="1"/>
                                                    <Rotation X="0" Y="0" Z="-0"/>
                                                </Transform>
                                                <Children Size="1"/>
                                                <Child0 Name="LeftHandRing3" Visible="true" ObType="0" BoneIndex="27">
                                                    <Shader File="4.cube.hlsl"/>
                                                    <Transform>
                                                        <Position X="2.9608302" Y="-3.1277334e-06" Z="-0.041909847"/>
                                                        <Scale X="1" Y="1" Z="1"/>
                                                        <Rotation X="0" Y="0" Z="-0"/>
                                                    </Transform>
                                                    <Children Size="1"/>
                                                    <Child0 Name="LeftHandRing4" Visible="true" ObType="0" BoneIndex="28">
                                                        <Shader File="4.cube.hlsl"/>
                                                        <Transform>
                                                            <Position X="4.9267206" Y="-3.8105911e-05" Z="-0.069760807"/>
                                                            <Scale X="1" Y="1" Z="1"/>
                                                            <Rotation X="0" Y="0" Z="-0"/>
                                                        </Transform>
                                                        <Children Size="0"/>
                                                    </Child0>
                                                </Child0>
                                            </Child0>
                                        </Child3>
                                        <Child4 Name="LeftHandThumb1" Visible="true" ObType="0" BoneIndex="13">
                                            <Shader File="4.cube.hlsl"/>
                                            <Transform>
                                                <Position X="9.8709421" Y="-7.2059193" Z="-9.6870832"/>
                                                <Scale X="1" Y="1" Z="1"/>
                                                <Rotation X="0" Y="0" Z="-0"/>
                                            </Transform>
                                            <Children Size="1"/>
                                            <Child0 Name="LeftHandThumb2" Visible="true" ObType="0" BoneIndex="14">
                                                <Shader File="4.cube.hlsl"/>
                                                <Transform>
                                                    <Position X="1.8198361" Y="-1.0594749" Z="-1.0852917"/>
                                                    <Scale X="1" Y="1" Z="1"/>
                                                    <Rotation X="0" Y="0" Z="-0"/>
                                                </Transform>
                                                <Children Size="1"/>
                                                <Child0 Name="LeftHandThumb3" Visible="true" ObType="0" BoneIndex="15">
                                                    <Shader File="4.cube.hlsl"/>
                                                    <Transform>
                                                        <Position X="2.094804" Y="-1.2194979" Z="-1.2493322"/>
                                                        <Scale X="1" Y="1" Z="1"/>
                                                        <Rotation X="0" Y="0" Z="-0"/>
                                                    </Transform>
                                                    <Children Size="1"/>
                                                    <Child0 Name="LeftHandThumb4" Visible="true" ObType="0" BoneIndex="16">
                                                        <Shader File="4.cube.hlsl"/>
                                                        <Transform>
                                                            <Position X="4.8037462" Y="-2.7965622" Z="-2.8648682"/>
                                                            <Scale X="1" Y="1" Z="1"/>
                                                            <Rotation X="0" Y="0" Z="-0"/>
                                                        </Transform>
                                                        <Children Size="0"/>
                                                    </Child0>
                                                </Child0>
                                            </Child0>
                                        </Child4>
                                    </Child0>
                                </Child0>
                            </Child0>
                        </Child0>
                        <Child1 Name="Neck" Visible="true" ObType="0" BoneIndex="6">
                            <Shader File="4.cube.hlsl"/>
                            <Transform>
                                <Position X="6.7873273e-08" Y="14.033303" Z="-7.5203576"/>
                                <Scale X="1" Y="1" Z="1"/>
                                <Rotation X="0" Y="0" Z="-0"/>
                            </Transform>
                            <Children Size="1"/>
                            <Child0 Name="Head" Visible="true" ObType="0" BoneIndex="7">
                                <Shader File="4.cube.hlsl"/>
                                <Transform>
                                    <Position X="4.6960018e-08" Y="8.1985035" Z="-5.7031345"/>
                                    <Scale X="1" Y="1" Z="1"/>
                                    <Rotation X="0" Y="0" Z="-0"/>
                                </Transform>
                                <Children Size="1"/>
                                <Child0 Name="HeadTop_End" Visible="true" ObType="0" BoneIndex="8">
                                    <Shader File="4.cube.hlsl"/>
                                    <Transform>
                                        <Position X="1.0718708e-07" Y="17.760822" Z="-13.332673"/>
                                        <Scale X="1" Y="1" Z="1"/>
                                        <Rotation X="0" Y="0" Z="-0"/>
                                    </Transform>
                                    <Children Size="0"/>
                                </Child0>
                            </Child0>
                        </Child1>
                        <Child2 Name="RightShoulder" Visible="true" ObType="0" BoneIndex="33">
                            <Shader File="4.cube.hlsl"/>
                            <Transform>
                                <Position X="-12.584894" Y="11.570624" Z="1.337974"/>
                                <Scale X="1" Y="1" Z="1"/>
                                <Rotation X="0" Y="0" Z="-0"/>
                            </Transform>
                            <Children Size="1"/>
                            <Child0 Name="RightArm" Visible="true" ObType="0" BoneIndex="34">
                                <Shader File="4.cube.hlsl"/>
                                <Transform>
                                    <Position X="-13.906046" Y="-6.0965281" Z="-1.9650507"/>
                                    <Scale X="1" Y="1" Z="1"/>
                                    <Rotation X="0" Y="0" Z="-0"/>
                                </Transform>
                                <Children Size="1"/>
                                <Child0 Name="RightForeArm" Visible="true" ObType="0" BoneIndex="35">
                                    <Shader File="4.cube.hlsl"/>
                                    <Transform>
                                        <Position X="-34.136707" Y="-0.070140891" Z="-0.48319471"/>
                                        <Scale X="1" Y="1" Z="1"/>
                                        <Rotation X="0" Y="0" Z="-0"/>
                                    </Transform>
                                    <Children Size="1"/>
                                    <Child0 Name="RightHand" Visible="true" ObType="0" BoneIndex="36">
                                        <Shader File="4.cube.hlsl"/>
                                        <Transform>
                                            <Position X="-40.956066" Y="-2.961566e-05" Z="-0.57979602"/>
                                            <Scale X="1" Y="1" Z="1"/>
                                            <Rotation X="0" Y="0" Z="-0"/>
                                        </Transform>
                                        <Children Size="5"/>
                                        <Child0 Name="RightHandIndex1" Visible="true" ObType="0" BoneIndex="41">
                                            <Shader File="4.cube.hlsl"/>
                                            <Transform>
                                                <Position X="-18.323015" Y="-0.93950552" Z="-4.8532362"/>
                                                <Scale X="1" Y="1" Z="1"/>
                                                <Rotation X="0" Y="0" Z="-0"/>
                                            </Transform>
                                            <Children Size="1"/>
                                            <Child0 Name="RightHandIndex2" Visible="true" ObType="0" BoneIndex="42">
                                                <Shader File="4.cube.hlsl"/>
                                                <Transform>
                                                    <Position X="-4.710793" Y="-2.6183059e-05" Z="-0.066705063"/>
                                                    <Scale X="1" Y="1" Z="1"/>
                                                    <Rotation X="0" Y="0" Z="-0"/>
                                                </Transform>
                                                <Children Size="1"/>
                                                <Child0 Name="RightHandIndex3" Visible="true" ObType="0" BoneIndex="43">
                                                    <Shader File="4.cube.hlsl"/>
                                                    <Transform>
                                                        <Position X="-2.8768728" Y="-0.22609636" Z="-0.045846704"/>
                                                        <Scale X="1" Y="1" Z="1"/>
                                                        <Rotation X="0" Y="0" Z="-0"/>
                                                    </Transform>
                                                    <Children Size="1"/>
                                                    <Child0 Name="RightHandIndex4" Visible="true" ObType="0" BoneIndex="44">
                                                        <Shader File="4.cube.hlsl"/>
                                                        <Transform>
                                                            <Position X="-6.1453114" Y="1.12653e-05" Z="-0.087042853"/>
                                                            <Scale X="1" Y="1" Z="1"/>
                                                            <Rotation X="0" Y="0" Z="-0"/>
                                                        </Transform>
                                                        <Children Size="0"/>
                                                    </Child0>
                                                </Child0>
                                            </Child0>
                                        </Child0>
                                        <Child1 Name="RightHandMiddle1" Visible="true" ObType="0" BoneIndex="45">
                                            <Shader File="4.cube.hlsl"/>
                                            <Transform>
                                                <Position X="-18.011227" Y="-3.7939357e-05" Z="-0.2549727"/>
                                                <Scale X="1" Y="1" Z="1"/>
                                                <Rotation X="0" Y="0" Z="-0"/>
                                            </Transform>
                                            <Children Size="1"/>
                                            <Child0 Name="RightHandMiddle2" Visible="true" ObType="0" BoneIndex="46">
                                                <Shader File="4.cube.hlsl"/>
                                                <Transform>
                                                    <Position X="-4.9461756" Y="1.9134065e-06" Z="-0.069981873"/>
                                                    <Scale X="1" Y="1" Z="1"/>
                                                    <Rotation X="0" Y="0" Z="-0"/>
                                                </Transform>
                                                <Children Size="1"/>
                                                <Child0 Name="RightHandMiddle3" Visible="true" ObType="0" BoneIndex="47">
                                                    <Shader File="4.cube.hlsl"/>
                                                    <Transform>
                                                        <Position X="-3.3418849" Y="-7.1187683e-06" Z="-0.04728701"/>
                                                        <Scale X="1" Y="1" Z="1"/>
                                                        <Rotation X="0" Y="0" Z="-0"/>
                                                    </Transform>
                                                    <Children Size="1"/>
                                                    <Child0 Name="RightHandMiddle4" Visible="true" ObType="0" BoneIndex="48">
                                                        <Shader File="4.cube.hlsl"/>
                                                        <Transform>
                                                            <Position X="-4.4613352" Y="-2.0614576e-05" Z="-0.063115753"/>
                                                            <Scale X="1" Y="1" Z="1"/>
                                                            <Rotation X="0" Y="0" Z="-0"/>
                                                        </Transform>
                                                        <Children Size="0"/>
                                                    </Child0>
                                                </Child0>
                                            </Child0>
                                        </Child1>
                                        <Child2 Name="RightHandPinky1" Visible="true" ObType="0" BoneIndex="53">
                                            <Shader File="4.cube.hlsl"/>
                                            <Transform>
                                                <Position X="-12.886817" Y="-0.80684799" Z="6.6204853"/>
                                                <Scale X="1" Y="1" Z="1"/>
                                                <Rotation X="0" Y="0" Z="-0"/>
                                            </Transform>
                                            <Children Size="1"/>
                                            <Child0 Name="RightHandPinky2" Visible="true" ObType="0" BoneIndex="54">
                                                <Shader File="4.cube.hlsl"/>
                                                <Transform>
                                                    <Position X="-3.3268144" Y="-8.3059704e-06" Z="-0.04713022"/>
                                                    <Scale X="1" Y="1" Z="1"/>
                                                    <Rotation X="0" Y="0" Z="-0"/>
                                                </Transform>
                                                <Children Size="1"/>
                                                <Child0 Name="RightHandPinky3" Visible="true" ObType="0" BoneIndex="55">
                                                    <Shader File="4.cube.hlsl"/>
                                                    <Transform>
                                                        <Position X="-3.0146196" Y="-9.8026076e-06" Z="-0.042664766"/>
                                                        <Scale X="1" Y="1" Z="1"/>
                                                        <Rotation X="0" Y="0" Z="-0"/>
                                                    </Transform>
                                                    <Children Size="1"/>
                                                    <Child0 Name="RightHandPinky4" Visible="true" ObType="0" BoneIndex="56">
                                                        <Shader File="4.cube.hlsl"/>
                                                        <Transform>
                                                            <Position X="-5.8471508" Y="-2.6067848e-05" Z="-0.082798049"/>
                                                            <Scale X="1" Y="1" Z="1"/>
                                                            <Rotation X="0" Y="0" Z="-0"/>
                                                        </Transform>
                                                        <Children Size="0"/>
                                                    </Child0>
                                                </Child0>
                                            </Child0>
                                        </Child2>
                                        <Child3 Name="RightHandRing1" Visible="true" ObType="0" BoneIndex="49">
                                            <Shader File="4.cube.hlsl"/>
                                            <Transform>
                                                <Position X="-15.906683" Y="-0.08764267" Z="3.901773"/>
                                                <Scale X="1" Y="1" Z="1"/>
                                                <Rotation X="0" Y="0" Z="-0"/>
                                            </Transform>
                                            <Children Size="1"/>
                                            <Child0 Name="RightHandRing2" Visible="true" ObType="0" BoneIndex="50">
                                                <Shader File="4.cube.hlsl"/>
                                                <Transform>
                                                    <Position X="-3.5266824" Y="-3.775287e-05" Z="-0.049887273"/>
                                                    <Scale X="1" Y="1" Z="1"/>
                                                    <Rotation X="0" Y="0" Z="-0"/>
                                                </Transform>
                                                <Children Size="1"/>
                                                <Child0 Name="RightHandRing3" Visible="true" ObType="0" BoneIndex="51">
                                                    <Shader File="4.cube.hlsl"/>
                                                    <Transform>
                                                        <Position X="-2.96083" Y="1.3369328e-05" Z="-0.041925896"/>
                                                        <Scale X="1" Y="1" Z="1"/>
                                                        <Rotation X="0" Y="0" Z="-0"/>
                                                    </Transform>
                                                    <Children Size="1"/>
                                                    <Child0 Name="RightHandRing4" Visible="true" ObType="0" BoneIndex="52">
                                                        <Shader File="4.cube.hlsl"/>
                                                        <Transform>
                                                            <Position X="-4.9267206" Y="-5.776091e-05" Z="-0.069776706"/>
                                                            <Scale X="1" Y="1" Z="1"/>
                                                            <Rotation X="0" Y="0" Z="-0"/>
                                                        </Transform>
                                                        <Children Size="0"/>
                                                    </Child0>
                                                </Child0>
                                            </Child0>
                                        </Child3>
                                        <Child4 Name="RightHandThumb1" Visible="true" ObType="0" BoneIndex="37">
                                            <Shader File="4.cube.hlsl"/>
                                            <Transform>
                                                <Position X="-9.8708925" Y="-7.2059879" Z="-9.6870823"/>
                                                <Scale X="1" Y="1" Z="1"/>
                                                <Rotation X="0" Y="0" Z="-0"/>
                                            </Transform>
                                            <Children Size="1"/>
                                            <Child0 Name="RightHandThumb2" Visible="true" ObType="0" BoneIndex="38">
                                                <Shader File="4.cube.hlsl"/>
                                                <Transform>
                                                    <Position X="-1.8198305" Y="-1.0594816" Z="-1.0852946"/>
                                                    <Scale X="1" Y="1" Z="1"/>
                                                    <Rotation X="0" Y="0" Z="-0"/>
                                                </Transform>
                                                <Children Size="1"/>
                                                <Child0 Name="RightHandThumb3" Visible="true" ObType="0" BoneIndex="39">
                                                    <Shader File="4.cube.hlsl"/>
                                                    <Transform>
                                                        <Position X="-2.0948296" Y="-1.2195026" Z="-1.2492847"/>
                                                        <Scale X="1" Y="1" Z="1"/>
                                                        <Rotation X="0" Y="0" Z="-0"/>
                                                    </Transform>
                                                    <Children Size="1"/>
                                                    <Child0 Name="RightHandThumb4" Visible="true" ObType="0" BoneIndex="40">
                                                        <Shader File="4.cube.hlsl"/>
                                                        <Transform>
                                                            <Position X="-4.8037539" Y="-2.7965822" Z="-2.8648357"/>
                                                            <Scale X="1" Y="1" Z="1"/>
                                                            <Rotation X="0" Y="0" Z="-0"/>
                                                        </Transform>
                                                        <Children Size="0"/>
                                                    </Child0>
                                                </Child0>
                                            </Child0>
                                        </Child4>
                                    </Child0>
                                </Child0>
                            </Child0>
                        </Child2>
                    </Child0>
                </Child0>
            </Child2>
        </Child0>
        <Child1 Name="Vampire" Visible="true" ObType="0" BoneIndex="67">
            <Mesh File="vampire_a_lusth/Vampire.mesh"/>
            <Shader File="4.cube.hlsl"/>
            <Material File="vampire_a_lusth/Vampire_MAT.mtl"/>
            <Transform>
                <Position X="0" Y="0" Z="0"/>
                <Scale X="1" Y="1" Z="1"/>
                <Rotation X="0" Y="0" Z="-0"/>
            </Transform>
            <Children Size="0"/>
        </Child1>
    </Child0>
</Root>
