<Root Name="Actor" Visible="true" ObType="4">
    <Mesh File="6.UI.mesh"/>
    <Shader File="6.Cube.hlsl"/>
    <Material File="Win.mtl"/>
    <Transform>
        <Position X="-0.5" Y="0" Z="0"/>
        <Scale X="1" Y="1.4" Z="1"/>
        <Rotation X="0" Y="0" Z="0"/>
    </Transform>
    <Children Size="4"/>
    <Child0 Name="BT" Visible="true" ObType="4">
        <Mesh File="6.UI.mesh"/>
        <Shader File="6.Cube.hlsl"/>
        <Material File="bluepotion_text.mtl"/>
        <Transform>
            <Position X="0.2" Y="-0.21428573" Z="0"/>
            <Scale X="0.5" Y="0.30000001" Z="1"/>
            <Rotation X="0" Y="0" Z="0"/>
        </Transform>
        <Children Size="0"/>
    </Child0>
    <Child1 Name="RT" Visible="true" ObType="4">
        <Mesh File="6.UI.mesh"/>
        <Shader File="6.Cube.hlsl"/>
        <Material File="redpotion_text.mtl"/>
        <Transform>
            <Position X="0.2" Y="0.14285715" Z="0"/>
            <Scale X="0.5" Y="0.30000001" Z="1"/>
            <Rotation X="0" Y="0" Z="0"/>
        </Transform>
        <Children Size="0"/>
    </Child1>
    <Child2 Name="s00" Visible="true" ObType="4">
        <Mesh File="6.UI.mesh"/>
        <Shader File="6.Cube.hlsl"/>
        <Material File="redpotion.mtl"/>
        <Transform>
            <Position X="-0.2" Y="0.14285715" Z="0"/>
            <Scale X="0.30000001" Y="0.30000001" Z="1"/>
            <Rotation X="0" Y="0" Z="0"/>
        </Transform>
        <Children Size="1"/>
        <Child0 Name="nums00" Visible="false" ObType="4">
            <Mesh File="6.UI.mesh"/>
            <Shader File="6.Cube.hlsl"/>
            <Material File="num00.mtl"/>
            <Transform>
                <Position X="0.32090709" Y="-0.33333334" Z="0"/>
                <Scale X="0.30000001" Y="0.30000001" Z="1"/>
                <Rotation X="0" Y="0" Z="0"/>
            </Transform>
            <Children Size="0"/>
        </Child0>
    </Child2>
    <Child3 Name="s01" Visible="true" ObType="4">
        <Mesh File="6.UI.mesh"/>
        <Shader File="6.Cube.hlsl"/>
        <Material File="bluepotion.mtl"/>
        <Transform>
            <Position X="-0.2" Y="-0.21428573" Z="0"/>
            <Scale X="0.30000001" Y="0.30000001" Z="1"/>
            <Rotation X="0" Y="0" Z="0"/>
        </Transform>
        <Children Size="1"/>
        <Child0 Name="nums01" Visible="false" ObType="4">
            <Mesh File="6.UI.mesh"/>
            <Shader File="6.Cube.hlsl"/>
            <Material File="num01.mtl"/>
            <Transform>
                <Position X="0.32090709" Y="-0.33333334" Z="0"/>
                <Scale X="0.30000001" Y="0.30000001" Z="1"/>
                <Rotation X="0" Y="0" Z="0"/>
            </Transform>
            <Children Size="0"/>
        </Child0>
    </Child3>
</Root>
