<Root Name="Actor" Visible="true" ObType="1">
    <Mesh File="6.UI.mesh"/>
    <Shader File="6.Cube.hlsl"/>
    <Material File="Win.mtl"/>
    <Transform>
        <Position X="0" Y="0" Z="0"/>
        <Scale X="1" Y="1" Z="1"/>
        <Rotation X="0" Y="0" Z="0"/>
    </Transform>
    <Children Size="1"/>
    <Child0 Name="Window" Visible="true" ObType="0">
        <Mesh File="6.UI.mesh"/>
        <Shader File="6.Cube.hlsl"/>
        <Material File="Win.mtl"/>
        <Transform>
            <Position X="0" Y="0" Z="0"/>
            <Scale X="1" Y="1" Z="1"/>
            <Rotation X="0" Y="0" Z="0"/>
        </Transform>
        <Children Size="2"/>
        <Child0 Name="max" Visible="true" ObType="0">
            <Mesh File="6.UI.mesh"/>
            <Shader File="6.Cube.hlsl"/>
            <Material File="max.mtl"/>
            <Transform>
                <Position X="0.27500001" Y="0.44999999" Z="-0.050000001"/>
                <Scale X="0.1" Y="0.1" Z="1"/>
                <Rotation X="0" Y="0" Z="0"/>
            </Transform>
            <Children Size="0"/>
        </Child0>
        <Child1 Name="x" Visible="true" ObType="0">
            <Mesh File="6.UI.mesh"/>
            <Shader File="6.Cube.hlsl"/>
            <Material File="x.mtl"/>
            <Transform>
                <Position X="0.40000001" Y="0.44999999" Z="-0.1"/>
                <Scale X="0.15000001" Y="0.1" Z="1"/>
                <Rotation X="0" Y="0" Z="0"/>
            </Transform>
            <Children Size="0"/>
        </Child1>
    </Child0>
</Root>
